-- phpMyAdmin SQL Dump
-- version 5.2.0
-- https://www.phpmyadmin.net/
--
-- Hôte : database
-- Généré le : dim. 25 déc. 2022 à 10:37
-- Version du serveur : 10.3.35-MariaDB-1:10.3.35+maria~focal
-- Version de PHP : 8.0.19

SET SQL_MODE = "NO_AUTO_VALUE_ON_ZERO";
START TRANSACTION;
SET time_zone = "+00:00";


/*!40101 SET @OLD_CHARACTER_SET_CLIENT=@@CHARACTER_SET_CLIENT */;
/*!40101 SET @OLD_CHARACTER_SET_RESULTS=@@CHARACTER_SET_RESULTS */;
/*!40101 SET @OLD_COLLATION_CONNECTION=@@COLLATION_CONNECTION */;
/*!40101 SET NAMES utf8mb4 */;

--
-- Base de données : `main`
--
CREATE DATABASE IF NOT EXISTS `main` DEFAULT CHARACTER SET latin1 COLLATE latin1_swedish_ci;
USE `main`;

-- --------------------------------------------------------

--
-- Structure de la table `city`
--

CREATE TABLE `city` (
  `id` int(11) NOT NULL,
  `name` varchar(255) COLLATE utf8mb4_unicode_ci NOT NULL,
  `adress` varchar(255) COLLATE utf8mb4_unicode_ci DEFAULT NULL,
  `postalcode` varchar(255) COLLATE utf8mb4_unicode_ci DEFAULT NULL,
  `city` varchar(255) COLLATE utf8mb4_unicode_ci DEFAULT NULL,
  `vasiflar` varchar(255) COLLATE utf8mb4_unicode_ci DEFAULT NULL
) ENGINE=InnoDB DEFAULT CHARSET=utf8mb4 COLLATE=utf8mb4_unicode_ci;

--
-- Déchargement des données de la table `city`
--

INSERT INTO `city` (`id`, `name`, `adress`, `postalcode`, `city`, `vasiflar`) VALUES
(1, 'Barr', '30 rue du Collège', '67140', 'Barr', NULL),
(2, 'Belfort-Delle', '2 rue Blumberg', '90300', 'Valdoie', NULL),
(3, 'Bischwiller', '1 rue des Pompes', '67240', 'Bischwiller', NULL),
(5, 'Colmar', '49 rue Logelbach', '68000', 'Colmar', NULL),
(8, 'Epinal', '4 Place d\'Avrinsart', '88000', 'Epinal', 'Küçük'),
(9, 'Farschviller', '18 rue Sainte Barbe', '57540', 'Farschviller', 'Küçük'),
(10, 'Grenoble', '6 rue Claude Kogan', '38100', 'Grenoble', NULL),
(11, 'Limoges', '4 alle Fabre d eglantine ', '87280', 'Limoges', NULL),
(12, 'lyon', '3 Rue Johann Strauss', '69200', 'Vénissieux', 'Büyük'),
(13, 'Macon', '7 rue mermoz', '71000', 'Macon', 'Orta'),
(14, 'Mantes La Jolie', '7 rue Denis papin ', '78200', 'Mantes la Jolie', NULL),
(15, 'Mer', '', '', 'Merr', NULL),
(16, 'Mulhouse', '171 rue de Belfort', '68200', 'Mulhouse', 'Büyük'),
(17, 'Oyonnax', '', '', 'Oyonnax', NULL),
(18, 'Paris', '1 boulevard de la Muette', '95140', 'Garges les Gonesse', 'Büyük'),
(19, 'Reichshoffen', '', '', 'Reichshoffen', NULL),
(20, 'St. Rambert ', '37 avenue de lyon', '26140', 'St Rambert d`albon', NULL),
(21, 'Strasbourg', '6 rue Saglio', '67100', 'Strasbourg', 'Büyük'),
(22, 'Vannes Lorient', '', '', 'Vannes Lorient', NULL),
(24, 'Cluses', '115 Impasse du Parc', '74950', 'Scionzier', 'Orta'),
(25, 'St dié', '', '88100', 'Saint Dié', NULL),
(26, 'Grigny', '16 rue Bel-Air', '91090', 'Lisses', 'Küçük'),
(27, 'Bordeaux', '4 Avenue des 4 Pavillons ', '33150', 'Cenon', 'Orta'),
(28, 'Guebwiller', '4 rout D`issenheim ', '68500', 'Guebwiller', NULL),
(30, 'Metz', '', '', 'Metz', NULL),
(31, 'Montpellier', '', '', 'Montpellier ', NULL),
(32, 'Marseille ', '', '', 'Marseille', NULL),
(33, 'Avignon ', '', '', 'Avignon', NULL),
(34, 'Gien', '', '45500', 'Gien', NULL);

-- --------------------------------------------------------

--
-- Structure de la table `doctrine_migration_versions`
--

CREATE TABLE `doctrine_migration_versions` (
  `version` varchar(191) COLLATE utf8_unicode_ci NOT NULL,
  `executed_at` datetime DEFAULT NULL,
  `execution_time` int(11) DEFAULT NULL
) ENGINE=InnoDB DEFAULT CHARSET=utf8 COLLATE=utf8_unicode_ci;

--
-- Déchargement des données de la table `doctrine_migration_versions`
--

INSERT INTO `doctrine_migration_versions` (`version`, `executed_at`, `execution_time`) VALUES
('DoctrineMigrations\\Version20221115134015', '2022-11-16 18:47:45', 45),
('DoctrineMigrations\\Version20221115140917', '2022-11-16 18:47:45', 103),
('DoctrineMigrations\\Version20221116125049', '2022-11-16 18:47:45', 49),
('DoctrineMigrations\\Version20221116125645', '2022-11-16 18:47:46', 90),
('DoctrineMigrations\\Version20221116130130', '2022-11-16 18:47:46', 48),
('DoctrineMigrations\\Version20221116175503', '2022-11-16 18:59:29', 26);

-- --------------------------------------------------------

--
-- Structure de la table `messenger_messages`
--

CREATE TABLE `messenger_messages` (
  `id` bigint(20) NOT NULL,
  `body` longtext COLLATE utf8mb4_unicode_ci NOT NULL,
  `headers` longtext COLLATE utf8mb4_unicode_ci NOT NULL,
  `queue_name` varchar(190) COLLATE utf8mb4_unicode_ci NOT NULL,
  `created_at` datetime NOT NULL,
  `available_at` datetime NOT NULL,
  `delivered_at` datetime DEFAULT NULL
) ENGINE=InnoDB DEFAULT CHARSET=utf8mb4 COLLATE=utf8mb4_unicode_ci;

-- --------------------------------------------------------

--
-- Structure de la table `payment`
--

CREATE TABLE `payment` (
  `id` int(11) NOT NULL,
  `subscription_id` int(11) NOT NULL,
  `created_at` datetime NOT NULL COMMENT '(DC2Type:datetime_immutable)',
  `amount` int(11) NOT NULL,
  `mode` varchar(255) COLLATE utf8mb4_unicode_ci NOT NULL
) ENGINE=InnoDB DEFAULT CHARSET=utf8mb4 COLLATE=utf8mb4_unicode_ci;

-- --------------------------------------------------------

--
-- Structure de la table `product`
--

CREATE TABLE `product` (
  `id` int(11) NOT NULL,
  `product_type_id` int(11) NOT NULL,
  `name` varchar(255) COLLATE utf8mb4_unicode_ci NOT NULL,
  `elden_price` int(11) DEFAULT NULL,
  `posta_price` int(11) NOT NULL,
  `vakif_price` int(11) DEFAULT NULL
) ENGINE=InnoDB DEFAULT CHARSET=utf8mb4 COLLATE=utf8mb4_unicode_ci;

--
-- Déchargement des données de la table `product`
--

INSERT INTO `product` (`id`, `product_type_id`, `name`, `elden_price`, `posta_price`, `vakif_price`) VALUES
(1, 1, 'SEMERKAND', 60, 70, 25),
(2, 1, 'AILE', 60, 70, 25),
(3, 1, 'MOSTAR', 60, 70, 25),
(4, 1, 'GENCOKUR', 60, 70, 25),
(5, 1, 'MAVI FIDAN', 60, 70, 25),
(6, 1, 'ALMANCA', 40, 50, 25),
(7, 1, 'ARAPÇA', 40, 50, 25),
(8, 2, 'E-SEMERKAND', 40, 0, 0),
(9, 2, 'E-AILE', 40, 0, 0),
(10, 2, 'E-MOSTAR', 40, 0, 0),
(11, 2, 'E-GENC OKUR', 40, 0, 0),
(12, 2, 'E-MAVI FIDAN', 40, 0, 0),
(13, 2, 'E-SEMERKAND ALMANCA', 40, 0, 0),
(14, 2, 'E-SEMERKAND ARAPÇA', 40, 0, 0),
(15, 2, 'E-SEMERKAND BOŞNAKCA', 40, 0, 0),
(16, 2, 'E-SEMERKAND FRANSIZCA', 40, 0, 0),
(17, 1, 'BOŞNAKCA', 60, 70, 30),
(19, 1, 'ŞEKER AĞACI', 60, 70, 25),
(20, 3, 'UYGULAMA PAKETI (SEYİR,NİDA,SERDİVAN,TAKVİM)', 20, 0, 0),
(21, 2, 'E-SEKER AGACI', 40, 0, 0),
(22, 1, 'FRANSIZCA', 40, 50, 25);

-- --------------------------------------------------------

--
-- Structure de la table `product_type`
--

CREATE TABLE `product_type` (
  `id` int(11) NOT NULL,
  `name` varchar(255) COLLATE utf8mb4_unicode_ci NOT NULL
) ENGINE=InnoDB DEFAULT CHARSET=utf8mb4 COLLATE=utf8mb4_unicode_ci;

--
-- Déchargement des données de la table `product_type`
--

INSERT INTO `product_type` (`id`, `name`) VALUES
(1, 'matba'),
(2, 'dijital'),
(3, 'uygulama');

-- --------------------------------------------------------

--
-- Structure de la table `subscriber`
--

CREATE TABLE `subscriber` (
  `id` int(11) NOT NULL,
  `sube_id` int(11) NOT NULL,
  `firstname` varchar(255) COLLATE utf8mb4_unicode_ci NOT NULL,
  `lastname` varchar(255) COLLATE utf8mb4_unicode_ci NOT NULL,
  `address` varchar(255) COLLATE utf8mb4_unicode_ci DEFAULT NULL,
  `postalcode` varchar(255) COLLATE utf8mb4_unicode_ci DEFAULT NULL,
  `city` varchar(255) COLLATE utf8mb4_unicode_ci DEFAULT NULL,
  `telephone` varchar(255) COLLATE utf8mb4_unicode_ci NOT NULL,
  `email` varchar(255) COLLATE utf8mb4_unicode_ci DEFAULT NULL,
  `complement` varchar(255) COLLATE utf8mb4_unicode_ci DEFAULT NULL
) ENGINE=InnoDB DEFAULT CHARSET=utf8mb4 COLLATE=utf8mb4_unicode_ci;

--
-- Déchargement des données de la table `subscriber`
--

INSERT INTO `subscriber` (`id`, `sube_id`, `firstname`, `lastname`, `address`, `postalcode`, `city`, `telephone`, `email`, `complement`) VALUES
(2, 1, 'Yilmaz', 'CEKIC', '132 Rue Vallée', '67140', 'BARR', '06.68.11.10.20', 'test@test.com', ''),
(4, 1, 'Mevlut', 'CETIN', '10 Allée Des Pres', '67210', 'OBERNAI', '06.89.40.51.98', '', ''),
(6, 1, 'Emin', 'KAPLAN', '8 Rue Des Boulange', '67140', 'BARR', '0625333352', '', ''),
(7, 1, 'Murat', 'KURBAN', '14 rue Altgass', '67140', 'BARR', '07.77.25.37.78', 'Kurban.murat@yahoo.fr', ''),
(9, 1, 'Yasar', 'RUSTU', '4 Rue Henri Meck', '67120', 'MOLSHEIM', '06 52 96 41 40', '', ''),
(11, 1, 'Yasin', 'YASAR', '3 Rue Henri Meck', '67120', 'MOLSHEIM', '06.29.23.25.78', 'yasin40yasar67@hotmail.fr', ''),
(12, 1, 'Habib', 'YIGIT', '4 Quartier Rue Des Mesange', '67130', 'SCHIRMECK', '0033 648724608', 'habip6742@outlook.fr', ''),
(13, 1, 'Isa', 'YILDIZ', '4 Quartier Rue Des Mesange', '67130', 'SCHIRMECK', '0033 651990859', '', ''),
(15, 2, 'Mehmet', 'MERCAN', '12 rue du Moulin', '90400', 'DANJOUTIN', '06 76 61 30 72', '', ''),
(16, 2, 'Omer', 'SELAT', '34 Rue Miellet', '90300', 'OFFEMONT', '06 26 99 78 36', '', NULL),
(17, 3, 'Ercan', 'ASLAN', '1 rue du col du bonhomme ', '67116', 'Reischtett', '0648537460', 'ercan_aga@hotmail.fr', ''),
(19, 3, 'Ahmet', 'KAMA', '37 Rue du Chateau fiat', '67500', 'HAGUENAU', '+33638136963', '', ''),
(20, 3, 'Metin', 'KARACALI', '6 Rue Roedern', '67620', 'SOUFFLENHEIM', '0617867548', 'nourmetin67@gmail.com ', ''),
(22, 3, 'Hasan', 'TEKERLEK', '9 Rue Du General Rampont', '67240', 'BISCHWILLER', '06 29 92 62 79', 'plantec@outlook.fr', ''),
(28, 12, 'Mahmut', 'ULUBAS', '3 Boulevard Jean-Jacques Rousseau', '38300', 'BOURGOIN JALLIEU', '+336 11 11 51 11', 'M.ulubas@hotmail.fr', ''),
(29, 12, 'Kerim', 'UZUN', '12 Rue Buffon', '38300', 'BOURGOIN JALLIEU', '+33648147488', 'Sava-07@hotmail.com', ''),
(33, 5, 'Abbas', 'KARACALI', '15 Rue Du Prunier', '68000', 'COLMAR', '0770016461', 'abbas.karacali@gmail.com', ''),
(35, 5, 'Mustafa', 'OZKAN', '8 Rue Lucca', '68000', 'COLMAR', '0033 781335846', 'mozkan3868@gmail.com', ''),
(41, 2, 'Halis ', 'ERDOGAN', '5 Rue De Normandie ', '90100', 'DELLE', '06 76 46 04 06', '', ''),
(44, 2, 'Nebi', 'ÜRKMEZ', '6 rue du Coinot', '25600', 'Vieux Charment', '0675705455', '', ''),
(46, 8, 'Muammer', 'CAGLAR', ' ', '88460', 'EPINAL', '', '', NULL),
(48, 8, 'Musa', 'KOC', '21 rue de la Baudenotte', '88000', 'EPINAL', '0789032857', 'musa.koc215@orange.fr', ''),
(49, 8, 'Faruk', 'OZAN', '1 Rue Thiers', '52120', 'CHATEAUVILLAIN', '07 68 42 99 88', '', ''),
(51, 8, 'Mehmet', 'SARI', ' ', '88460', 'DOCELLES', '0672810340', 'Mehsem@hotmail.fr', ''),
(52, 8, 'Atilla', 'SULU', ' ', '88460', 'CHENIMENIL', '0618312358', '', ''),
(53, 8, 'Emin', 'Association', '4 Place d\'Avrinsart', '88000', 'EPINAL', '', '', ''),
(54, 8, 'Musa', 'YESILOZ', '19 Rue Des Tilleuls', '52370', 'MARANVILLE', '06 45 65 89 02', 'MOUSSE.52@HOTMAIL.FR', ''),
(56, 8, 'Mustafa', 'YILDIZ', ' 7 Avenue Léon Blum', '88000', 'Epinal', '0695580362', 'emseybat@gmail.com', ''),
(58, 30, 'Vahdettin', 'ASAGIDERE', ' Ok', '', '', '0033 750241684', '', ''),
(59, 9, 'Mustafa', 'ATALAR', '13 rue natiomale', '57510', 'saint jean rohrbach', '0784298178', 'mustafa5761@gmail.com', ''),
(61, 9, 'Güven', 'AYDIN', '15 chemin du bruskir', '57450', 'farebesviller', '0629803479', 'ozposoflu@hotmail.fr', ''),
(62, 9, 'Nedim', 'BAYRAKTAR', '23 rue nationale', '57510 ', 'Hoste ', '0678012405', 'nadimbayraktar@gmail.com', ''),
(64, 30, 'Ismail', 'CELIK', '', '', '', '0033 670957611', '', ''),
(65, 9, 'Hüseyin', 'CIL', '42 Rue de Phalsbourg ', '67260', 'Sarre Union ', '0679681412', 'hüseyin-cil@hotmail.fr', ''),
(66, 9, 'Bünyamin', 'CIRIT', '67 rue Principale', '57510', 'Loupershouse', '0621412938', 'Bünyamin.cirit@orange.Fr', ''),
(67, 9, 'Mustafa', 'COSKUN', '9 cité des jardins ', '57510 ', 'ST JEAN ROHRBACH ', '0033763051970', 'coskunmustafa@me.com', ''),
(68, 9, 'Murat', 'COSKUN', '13 cité des jardins', '57510 ', ' Saint Jean rohrbach   ', '0033 608508939', 'Coskun.bekir@neuf.fr ', ''),
(70, 9, 'Yasin', 'DAGTEKIN', ' Ok', '', '', '0683152543', 'dagtekin3@yahoo.fr', ''),
(73, 9, 'Hüseyin', 'DIKBAS', '67 rue principale', '57510', 'loupershouse', '0612311587', 'dikbas61@hotmil.fr', ''),
(74, 9, 'Yakup', 'DIKBAS', '67 rue Principale', '57510', 'loupershouse', '0778025619', 'yakupdikbas61@gmail.com', ''),
(75, 9, 'Irfan', 'DINER', '4 rue Alexandre Fleming  ', '57510', 'Puttelange aux lacs.', '0688046393', 'irfandiner@hotmail.com', ''),
(79, 30, 'Deniz', 'KARAKAYA', ' 15 rue des Longues Raies', '57070', 'Metz La Grange aux Bois', '0652060033', 'blm.2515@hotmail.com', ''),
(80, 9, 'Atilla', 'KARAYEL', ' Ok', '', '', '0033 679390260', '', ''),
(83, 9, 'Metin', 'KÜCÜK', ' Ok', '', '', '', '', NULL),
(84, 9, 'Bilal', 'KÜMÜS', '18 chemin des résistants', '57450', 'farebersviller', '0613081530', 'bilal.kumus@sfr.fr', ''),
(88, 9, 'Yunus', 'SAHIN', '11 a rue de l’étang ', '57510', 'saint jean Rohrbach', '0033612224103', 'entreprisesahin@outlook.com', ''),
(89, 9, 'Muzaffer', 'SEKERCI', ' Ok', '', '', '0033 646550871', '', ''),
(90, 9, 'Nuri', 'TASDEMIR', '30 place de la paix', '57510', 'Puttelange aux lacs.', '0033 784945871', 'Nuri27@hotmail.fr', ''),
(92, 9, 'Eyup', 'USTA', ' Ok', '', '', '06 50 11 55 32', '', ''),
(93, 9, 'Dosdi', 'Association', '18 rue Sainte Barbe', '57450', 'Farschwiller', '', '', ''),
(96, 9, 'Ferhat', 'YILDIRIM', ' Ok', '', '', '+33 6 95 88 14 15', '', ''),
(98, 10, 'Yusuf', 'AÇIKEL', '53 Allée Des Romantiques ', '38100', 'GRENOBLE', '06 98 23 53 66', '', '2eme étage'),
(103, 10, 'Numan', 'BALTACI', '8 Rue De Provence ', '38130', 'ECHIROLLES', '06 60 29 10 14', '', NULL),
(104, 10, 'Ramazan', 'DEMIRTAŞ', '4 Avenue Danielle Casanova ', '38130', 'ECHIROLLES', '07 60 11 00 58', '', NULL),
(108, 10, 'Haşim', 'ERDEM', '25 Avenue De Teisseire ', '38100', 'GRENOBLE', '06 49 88 42 75', '', NULL),
(112, 10, 'Necip', 'YAYLACI', '7 Rue Jean Prévost ', '38600', 'FONTAINE', '06 08 56 90 43', '', NULL),
(113, 10, 'Latif', 'YILMAZ', '7 Rue Jean Prévost ', '38600', 'FONTAINE', '06 51 14 20 07', '', NULL),
(114, 11, 'Akin', 'AKKUS', '30 Allée Fabre D\'Églantine', '87280', 'LIMOGES', '06 25 46 26 51', '', NULL),
(115, 11, 'Ilyas', 'AKKUS', '57 Avenue De Beaubreuil', '87280', 'LIMOGES', '06 23 52 01 54', '', NULL),
(116, 11, 'Selamet', 'AKKUS', '22 Rue Jean Mermoz', '87570', 'Rilhac Rancon', '06 10 90 75 73', '', ''),
(118, 12, 'Mustafa', 'AKSU', ' 67 rue Victor faugier ', '38200', 'Vienne', '+33612105946', 'aaksu_21@hotmail.com', ''),
(119, 12, 'Unsal', 'ALDAS', ' ', '', '', '0630733116', '', ''),
(121, 12, 'Zeki', 'BABUR', ' 1 rue Victor Hugo saint pirest 69800 ', '69800', 'St priest', '0616398670', 'Doğada.45@hotmail.com', ''),
(122, 12, 'Yahya', 'CETIN', ' ', '', '', '', '', NULL),
(124, 12, 'Yeliz', 'COPUR', ' ', '', '', '', '', NULL),
(125, 12, 'Kadir', 'COPUR', ' 22 rue Anatole France ', '69800', 'St priest', '0660603127', 'Kadircopur@hotmail.fr', ''),
(126, 12, 'hatice', 'Dirican', ' ', '', '', '', '', ''),
(128, 12, 'Kemal', 'DURAN', ' ', '', '', '', '', NULL),
(130, 12, 'Pervil', 'KASGOZ', ' 18 rue Maurice andre', '42330', 'St galmier', '+33652971999', 'Kasgoz1973@gmail.com', ''),
(131, 12, 'Seyit', 'KIRLI', ' 21 rue romain rolland ', '69200', 'Venissieux ', '0612421131', 'Kirli.seyit.69@gmail.com', ''),
(133, 12, 'Ali', 'SARI', ' ', '', '', '', '', NULL),
(134, 12, 'murat', 'kaya', ' ', '', '', '', '', ''),
(135, 12, 'Hakan', 'SARIKAYA', ' ', '', '', '', 'Muhammed_@hotmail.fr', ''),
(136, 12, 'Yuksel', 'SEKER', ' ', '', '', '', '', NULL),
(137, 12, 'Yasin', 'TAHTACI', '14 Rue Louis Blanc', '69190', ' Saint-Fons ', '', '', ''),
(138, 12, 'Yasar', 'TEKIN', ' ', '', '', '+33651764080', '', ''),
(142, 12, 'Amil', 'Association ', ' 3 Rue Johann Strauss', '69200', 'Vénissieux', '', '', ''),
(143, 12, 'Semiha', 'ZINKAL', '2 Rue Arthur Durafor ', '01000', 'BOURG EN BRESSE', '', '', NULL),
(145, 13, 'Bekir', 'AGDAS', ' ', '', 'Macon', '0643768415', '', ''),
(146, 13, 'Mehmet Ali', 'BOSTANCI', ' ', '', '', '+33675274394', 'mealim1@hotmail.com', ''),
(148, 13, 'Ramazan', 'CAN', ' 71 avenue Édouard herriot ', '71000', 'Macon', '0652147418', 'ramocan6671@gmail.com', ''),
(149, 13, 'Talip', 'CICI', ' 26 rue beau séjour ', '71000', 'Macon', '+33670961428', '', ''),
(150, 13, 'Ilyas', 'DENIZ', ' ', '', '', '+33603540616', '', ''),
(153, 13, 'Mevlut', 'IRMAK', ' ', '', '', '', '', NULL),
(154, 13, 'Ramazan', 'IRMAK', ' 96 avenue Édouard herriot', '71000', 'Macon', '+33634106786', 'ir@sfr.fr', ''),
(155, 13, 'Sadi', 'IRMAK', ' ', '', '', '+33668005336', '', ''),
(156, 13, 'Mursel', 'KABATAS', ' ', '', '', '+33659492048', 'murselkabatas.m.k@gmail.com', ''),
(157, 13, 'Talha', 'KABATAS', ' ', '', '', '+33665557373', 'kabatastalha66@gmail.com', ''),
(163, 14, 'Muammer', 'BICAN', '3 rue Marie Laurencin apt 8202', '78200', 'MANTES LA JOLIE', '0651947718 ', 'pozitif.immo@gmail.com ', ''),
(164, 14, 'Bahtigul', 'CAM', '38  Rue Des 3 Freres Lambert', '95240', 'CORMEILLES EN PARISIS', '0652139582', 'bahtigul76@gmail.com', ''),
(165, 14, 'Eyup', 'CEKIC', '5 Rue Claude Debussy', '78200', 'MANTES LA JOLIE', '06 23 37 04 85', 'Eyup_55@hotmail.fr', ''),
(166, 14, 'Hayri', 'GUNAYDIN', '116  Avenue Jean-Jaurès', '76140', 'LE PETIT QUEVILLY', '0033 782278541', 'hayrigunaydin41@gmail.com', ''),
(167, 14, 'Murat', 'KEÇEÇARIK', '24 Rue Des Laboureurs', '27000', 'EVREUX', '06 99 85 99 03', 'Murat.kececarik2703@gmail.com ', ''),
(171, 14, 'Sumeyra', 'SOLAK', '32 allee des marguerites', '78250', 'MEULAN EN YVELINES', '0688653429', '', ''),
(172, 14, 'Huseyin', 'YIKILMAZ', '57 Rue De La Valée', '78200', 'JOUY MAUVOISIN', '06 15 51 38 01', 'yikilmazalp@hotmail.fr', ''),
(173, 15, 'Semra ', 'CAGLAR', '12 Rue Du Grand Cagnet', '41500', 'MER', '06 65 23 44 29', 'semra.sevinc@hotmail.de', ''),
(174, 15, 'Muhammed Ali', 'KAYA', '20 rue de la croix blale', '41500', 'Mer', '06 66 48 13 69', 'm.ali.kaya41@gmail.com', ''),
(175, 15, 'Sevcan', 'KOCA', '10 Rue Agrippa D\'Aubigne', '41500', 'MER', '06 62 01 67 52', 'melii_38_41@live.fr', ''),
(176, 15, 'Tugba', 'MERAL', '7 Impasse Joachim Du Bellay', '41500', 'MER', '06 51 04 69 17', 'tugba.m@icloud.com', ''),
(178, 15, 'Sengul ', 'SEVINC CAGLAR', '7 Le Clos De L\'Anneray', '41500', 'MER', '07 82 36 98 89', 'sengul.sevinc@hotmail.de', ''),
(180, 15, 'Hasibe ', 'YILDIRIM', '2 Rue Du Grand Cagnet', '41500', 'MER', '06 51 60 00 05', 'hasibe_@live.fr', ''),
(181, 15, 'Elif ', 'SOYAK', '14 rue de Boulogne', '41000', 'BLOIS', '0638288177', 'elifsoyak1605@gmail.com', ''),
(182, 16, 'Yunus', 'AK', '17 Rue De Wittenheim', '68200', 'MULHOUSE', '0033762605106', 'yunus_25@hotmail.fr', ''),
(184, 16, 'Mustafa', 'AYDOGAN', '79 Rue Anna Schoen', '68200', 'MULHOUSE', '0033675513155', 'Aydogan.mustafa@hotmail.fr', ''),
(186, 16, 'Vedat', 'AYDOGAN', '10 Rue Sochaux', '68200', ' MULHOUSE', '0033628500452', 'ayvedat83@gmail.com', ''),
(187, 16, 'Bayram', 'AYGUN', '61 Rue De Belfort', '68200', 'MULHOUSE', '0033614411124', 'yaygun.asci@gmail.com', ''),
(188, 16, 'Sebahattin ', 'AYGUN', '3 Rue De 20 Janvier', '68200', ' MULHOUSE', '0033681281788', 'aygunseba@gmail.com', ''),
(189, 16, 'Huseyin', 'BICER', '18 Rue Des Vosges', '68200', 'MULHOUSE', '0033652326642', 'huseyin.bicer@yahoo.com', ''),
(190, 16, 'Yusuf', 'CEKICI', '4 rue Ehrburger', '68120', 'PFASTATT', '0033777362500', 'yusufcekici@ yahoo.fr', ''),
(191, 16, 'Omer', 'DEVECI', '45 Rue De Richwiller', '68260', 'KINGERSHEIM', '0033622790223', 'Deveciserdal@yahoo.fr', ''),
(192, 16, 'Yusuf', 'GULER', '17 Rue Antoine', '68200', 'MULHOUSE', '0033632725075', 'yusuf_güler@live.fr', ''),
(193, 16, 'Istikbal', 'Association ', ' 171 Rue de Belfort', '68200', 'MULHOUSE', '', '', ''),
(194, 16, 'Alperen', 'KAHRIMAN', '44 Chemin Du Petit Pont ', '68200', 'MULHOUSE', '0033623823040', 'ay-68@hotmail,fr', ''),
(196, 16, 'Davut', 'KARAKELLE', '42 rue de strasbourg', '68200', 'MULHOUSE', '0033631534446', 'davut_60@yahoo.fr', ''),
(197, 16, 'Ramazan', 'KOSE', '27 Rue Furstenberger', '68200', 'MULHOUSE', '0033689555502', 'rkcs.sarl@gmail.com', ''),
(198, 16, 'Ali', 'KOSE', '6 Rue Des Bains ', '68100', 'MULHOUSE', '0033651659140', 'kosea@hotmail.fr', ''),
(200, 16, 'Omer', 'MUSA', '17 Rue Antoine', '68200', 'MULHOUSE', '0033651634025', 'omusa80@hotmail.com', ''),
(202, 16, 'Omer', 'OZEN', '19 Rue Mathias Grunewald', '68200', 'MULHOUSE', '0033607094911', 'senozelzin58@gmail.com', ''),
(203, 16, 'Ali', 'OZKAN', '59 Rue Madelleine', '68200', 'MULHOUSE', '0033678755616', 'Ali_ozkan58@hotmail.com', ''),
(205, 16, 'Engin', 'TURKOGLU', '32 Rue De Tuilerie ', '68200', 'MULHOUSE', '0033685181179', 'engin29turkoglu@gmail.com', ''),
(206, 16, 'Riza', 'YILMAZ', '11 Boulevard Des Nations ', '68200', 'MULHOUSE', '0033763633435', 'pavage.city@gmail.com', ''),
(208, 18, 'Mehmet Emin', 'ARSLAN', '19 rue des renoncules', '91160', 'LONGJUMEAU', '06 95 78 12 85', 'sncrbatiment@live.fr', ''),
(210, 18, 'Mustafa', 'AYDIN', '23B QUAI JACQUES PREVERT BATIMENT C -APPT-C004', '77100', 'MEAUX', '07 69 90 86 68', 'mmustafa.aydin1@gmail.com', ''),
(211, 18, 'Engin', 'BAYA', '13 allee de la sirene   ', '94000', 'CRETEİL', '06 98 91 00 72', 'engin.baya@gmail.com', ''),
(212, 18, 'Sebahattin', 'CAKIR', ' 3 Rue De Verdun', '92360', 'VILLENEUVE LA GARENNE', '06 47 03 03 31', 'Turc-du-92@live.fr', ''),
(213, 18, 'Mustafa', 'CEBECI', '3 Rue Des Carreaux', '95110', 'SANNOIS', '06 40 53 04 51', 'mstfcbci@hotmail.com', ''),
(214, 18, 'Yunus', 'CETIN', '4 Avenue De Normandie', '95230', 'SOISY SOUS MONTMORENCY', '06 95 47 57 82', 'Yunus.cetin@hotmail.fr', ''),
(215, 18, 'Ibrahim', 'DILBAZ', '23 rue jean Moulin', '95140', 'Garges les gonesse ', '06 75 78 07 03', 'İbrahimhalildilbaz@gmail.com', ''),
(216, 18, 'Muhammed', 'DUMAN', '14 Rue Honore De Balzac', '95140', 'GARGES LES GONESSE', '07 67 74 77 56', 'duman.75@icloud.com', ''),
(217, 18, 'Mahmut', 'DURMUS', '41 avenue du général de gaulle ', '95350', 'Saint Brice sous foret', '06 24 23 35 41', 'contact@pratix.paris', ''),
(218, 18, 'Omer', 'ERTURK', ' 48 Rue Jean Moulin ', '95140', 'GARGES LES GONESSE', '07 81 14 35 76', 'Omer25erturk@gmail.com', ''),
(220, 18, 'Ufuk', 'GUNES', ' 18 Rue Des Buttes ', '77500', 'CHELLES', '06 52 87 74 14', 'gufuk86@gmail.com', ''),
(222, 18, 'Irsad', 'Association', '1 boulevard de la Muette', '95140', 'GARGES LES GONESSE', '', 'ass.irsad@gmail.com', ''),
(224, 18, 'Sabri', 'KARAMAN', '43 Rue Des Carrieres', '93800', 'EPINAY SUR SEINE', '06 03 34 63 17', 'Sabri.fac@hotmail.fr', ''),
(225, 18, 'Murat', 'KILIC', '21 rue des chasseurs ', '95140', 'GARGES-LES-GONESSE', '06 98 10 10 18', 'Muratkilic_95@hotmail.fr', ''),
(226, 18, 'Nurullah', 'KÖSE', '39 Rue De Dunkerque', '93800', 'EPINAY SUR SEINE', '06 62 95 62 05', 'omerkose597@gmail.com', ''),
(227, 18, 'Umut', 'MURATHAN', ' 15 Rue De Paris', '93800', 'EPINAY SUR SEINE', '0650652070', 'umut2008@hotmail.fr', ''),
(230, 18, 'Ismail', 'SEZER', ' 16 Bis Avenue De Valenton', '94190', 'VILLENEUVE ST GEORGES', '07 82 95 89 93', 'K.sezer38@gmail.com', ''),
(231, 18, 'Huseyin', 'TANRIKULU', '14 Rue Hoche', '92240', 'MALAKOFF', '06 99 63 36 64', 'hasantanrikulu63@gmail.com', ''),
(233, 3, 'Mustafa', 'AYDIN', '14 Rue De La Gare', '67110', 'GUNDERSHOFFEN', '0033619770917', '', ''),
(235, 3, 'Odile', 'DAENTZER', '14 Rue De La Gare', '67110', 'GUNDERSHOFFEN', '', '', ''),
(241, 3, 'Davut', 'MURAT', '49 Rue D\'Oberbronn', '67110', 'REICHSHOFFEN', '', '', ''),
(245, 3, 'Servet', 'YILMAZ', '6 Route De Strasbourg', '67590', 'SCHWEIGHOUSE SUR MODER', '06 48 72 90 87', '', ''),
(248, 20, 'Gonca', 'ARSLAN', ' ', '', '', '', 'sude2009@hotmail.fr', ''),
(249, 20, 'Ali Osman', 'ASLAN', ' ', '', '', '', 'ali.aslan@hotmail.fr', ''),
(251, 20, 'Mustafa', 'ERDINC', ' ', '', '', '', 'erdincmustafa@yahoo.fr', ''),
(252, 20, 'Ayse', 'TIRAS', ' ', '', '', '', '', NULL),
(258, 21, 'Mustafa', 'ARICI', '1 Rue Du Poitou', '67380', 'LINGOLSHEIM', '07 53 12 37 62 ', '', NULL),
(260, 21, 'Irfan', 'ATASOY', '201 Route De Mittelhausbergen', '67200', 'STRASBOURG', '06 73 88 72 24 ', '', NULL),
(261, 21, 'Latife', 'ATLIG', '23 Rue Du Bosquet', '67110', 'GUNDERSHOFFEN', '', '', NULL),
(262, 21, 'Baris', 'AYDAS', '7 Rue Tacite', '67200', 'STRASBOURG', '06 88 55 06 54 ', '', NULL),
(263, 25, 'Mehmet Ali', 'AYGUL', '5 Rue Du Lisiere  du Kemberg', '88100', 'SAINT DIE', '06 77 86 22 94', 'aygul.abdulbaki@live.fr ', ''),
(264, 21, 'Ozcan', 'BASHOROZ', '1 Rue De Lorraine', '67120', 'MOLSHEIM', '06 78 41 42 44', '', ''),
(265, 21, 'Akay', 'BAYRAM', '25 Rue De Rotterdam', '67000', 'STRASBOURG', '06 65 67 80 45 ', '', NULL),
(268, 21, 'Vedat', 'BOYRAZ', '305 Route De Schirmeck', '67200', 'STRASBOURG', '06 51 25 68 48', '', NULL),
(269, 21, 'Rahmi', 'BULUT', '47 Rue De Soultz', '67100', 'STRASBOURG', '06 87 69 29 78', 'rahmibulut74@hotmail.fr', ''),
(270, 21, 'Abdulsamet', 'BUYUKARSLAN', '25 Avenu Francois Mitterrand', '67200', 'STRASBOURG', '06 71 83 72 82 ', 'samet.buyukarslan@hotmail.com', ''),
(271, 21, 'Adem', 'CALISKAN', '4 Rue De Chalon Sur Saone', '67000', 'STRASBOURG', '06 71 61 04 79', '', NULL),
(274, 21, 'Hayati', 'CANKURT', '1 Rue des Vergers', '67380', 'LINGOLSHEIM', '07 54 80 08 92', 'cankurt.hayati@numericable.com', ''),
(275, 21, 'Mehmet', 'CEBIC', '2 Rue Du Noyer', '67300', 'SCHILTIGHEIM', '06 34 41 56 83', '', NULL),
(276, 21, 'Ahmet', 'CEYLAN', ' 4/B Place Du Général De Gaulle', '67570', 'ROTHAU', '06 14 72 15 57', 'icf.67@live.fr', ''),
(277, 21, 'Mehmet Gazi', 'CEYLAN', '31 Place Erasme', '67200', 'STRASBOURG', '06 95 29 10 84', '', NULL),
(278, 21, 'Battal Gazi', 'CEYLAN', '70 Bouvard La Fontaine', '67200', 'STRASBOURG', '06 70 12 98 40 ', '', ''),
(280, 21, 'Abdullah', 'COSKUN', '21 Allee Francois Mitterrand', '67400', 'ILKIRCH GRAFFRNSTADEN', '06 77 44 82 01', 'acoskun.67000@gmail.com', ''),
(282, 21, 'Necati', 'DEMIR', ' 1a Rue Erckmann Chatrian', '67150', 'ERSTEIN', '06 32 68 74 87 ', '', ''),
(283, 21, 'Servet', 'DEMIR', '14 Rue Antoine Bechamp', '67230', 'BENFELD', '07 60 03 18 96', '', ''),
(284, 21, 'Nevrez', 'DEMIR', '14 Rue Antoine Bechamp', '67230', 'BENFELD', '07 60 03 18 96', '', NULL),
(287, 21, 'Huseyin', 'DEMIRCI', '21 Rue Martin Schongauer', '67200', 'STRASBOURG', '06 78 78 60 37', 'husbay@hotmail.fr', ''),
(290, 21, 'Ersin', 'DOGAN', '33 Rue Martin Schongauer', '67200', 'STRASBOURG', '06 32 61 47 17', '', NULL),
(292, 21, 'Hasret', 'DOGANAY', '62 Route De Schirmeck', '67200', 'STRASBOURG', '', '', NULL),
(294, 21, 'gulcan', 'DURMUS', ' 54A Route De Brumath', '67460', 'SOUFFELWEYERSHEIM', '06 21 06 70 40', 'gdurmus978@gmail.com', ''),
(295, 21, 'Cengiz', 'ERDEM', '4 rue Geoffroy Conrath', '67200', 'STRASBOURG', '06 31 43 37 47', '', ''),
(297, 21, 'Necmeddin', 'FIDAN', '42 Rue Des Poilus', '67300', 'SCHILTIGHEIM', '06 37 39 39 29 ', '', NULL),
(298, 21, 'Ugur', 'GOKKURT', '4 Rue Des Colette', '67300', 'STRASBOURG', '07 53 44 41 07', '', NULL),
(299, 21, 'Mehmet', 'GONULTAS', '1 Rue De Rhainau', '67540', 'OSTWALD', '07 89 63 15 94', 'mehmetgnlts@gmail.com', ''),
(300, 21, 'Mahmut', 'GUNER', '79 Rue Du Generale Du Gaulle', '67118', 'STRASBOURG', '06 09 88 48 06', '', NULL),
(301, 21, 'Ahmet', 'ISBAZ', '50 Avenue De Racine', '67200', 'STRASBOURG', '06 84 91 50 53', '', NULL),
(302, 21, 'Irfan', 'ISIK', '69 Boulevard La Fontaine', '67200', 'STRASBOURG', '06 47 59 34 69 ', '', NULL),
(304, 21, 'Ayhan', 'ISIK', '2B Rue de l\'avenir', '67640', 'FEGERSHEIM', '06 58 87 68 97 ', '', ''),
(305, 21, 'Bekir', 'ISIK', ' 40b Rue Du Parc', '67960', 'ENTZHEIM', '06 37 18 60 98', '', NULL),
(308, 21, 'Ahmet', 'KARA', '6 Rue Paracelse', '67200', 'STRASBOURG', '06 42 69 95 65 ', '', NULL),
(309, 21, 'Mehmet', 'KARA', '6 Rue Paracelse', '67200', 'STRASBOURG', '06 42 69 95 65 ', '', NULL),
(311, 21, 'Ahmet', 'KARADUMAN', '30 Rue Du Champ De Manœuvre', '67200', 'STRASBOURG', '06 86 98 41 50 ', 'ahmet_007@hotmail.fr', ''),
(313, 21, 'Eyup ', 'KARAMAN', '4 Rue Louis Loucheur', '67100', 'STRASBOURG', '06 84 77 19 76', '', NULL),
(314, 21, 'Mucahit', 'KARAMAN', '3 Rue De La Corse', '67100', 'STRASBOURG', '06 78 26 70 05', '', NULL),
(316, 21, 'Aydin', 'KAYA', '3 Rue Kellermann', '67300', 'SCHILTIGHEIM', '', '', NULL),
(317, 21, 'Fatih', 'KILINC', '16 rue du sable', '67200', 'STRASBOURG', '06 51 27 00 89', 'kil_fatih@hotmail.com', ''),
(319, 21, 'Ahmet', 'KOC', '16 Rue Lavoisier', '67200', 'STRASBOURG', '06 50 15 12 01', '', NULL),
(322, 21, 'Ismail', 'KURTULUS', '24 Rue Balaillon De Marche', '67200', 'STRASBOURG', '07 84 94 84 53', 'oflu.yalovali@gmail.com', ''),
(325, 21, 'Ludovic', 'OBERFELD', '39 Rue De La Robertsau', '67800', 'BISCHHEIM', '06 71 87 20 24 ', '', NULL),
(328, 21, 'Turan', 'OZMEN', ' 1A Rue De Verdun ', '67118', 'GEISPOLSHEIM', '06 76 56 60 49', '', NULL),
(329, 21, 'ensar ezgi', 'OZTURK', '91 Rue Du Marais', '67300', 'STRASBOURG', '06 86 46 87 38', 'smdmuco@gmail.com', ''),
(332, 21, 'Mustafa', 'SARIKAYA', '13 Rue Seneque', '67200', 'STRASBOURG', '07 83 09 66 63', '', NULL),
(333, 21, 'Semerkand', 'Association', '6 rue Saglio', '67100', 'STRASBOURG', '', '', ''),
(334, 21, 'Kenan', 'SEN', '82 Rue De La Ganzau', '67100', 'STRASBOURG', '07 62 34 57 62 ', '', NULL),
(335, 21, 'Fatih Murat', 'SILER', '2 Chemin Long', '67200', 'STRASBOURG', '07 68 54 68 18', 'smdegt@gmail.com', ''),
(336, 21, 'Recep', 'TORUS', '13 Rue Guillaume Appollinaire', '67200', 'STRASBOURG', '06 18 41 24 20', '', NULL),
(338, 21, 'Beyazit', 'UNALDI', '12 Rue Des Alouettes', '67380', 'LINGOLSHEIM', '06 81 37 80 78 ', '', NULL),
(339, 21, 'Mustafa', 'UNALDI', '3 Rue Des Alouettes', '67380', 'LINGOLSHEIM', '06 78 90 98 72', '', NULL),
(341, 21, 'Kamil', 'YAPICI', '712 avenue de perigueux', '67800', 'BISCHEIM', '06 76 47 75 81 ', '', ''),
(344, 21, 'Ahmet', 'YILDIRIM', '5 Rue Du Tournent', '67200', 'STRASBOURG', '06 52 44 34 03', '', NULL),
(345, 21, 'Mehmet', 'YILDIZ', '7 Rue Netter', '67560', 'ROSHEIM', '06 52 08 93 40', '', NULL),
(346, 21, 'Bayram', 'YILMAZ', '16 Rue Lavoisier', '67200', 'STRASBOURG', '06 85 95 14 16', '', NULL),
(347, 21, 'Talip', 'YILMAZ', '1 Rue Mermoz Batiment G', '71400', 'AUTUN', '07 83 85 58 61', '', NULL),
(348, 21, 'Ahmet Ali', 'YILMAZ', '22 Rue Herrade', '67200', 'STRASBOURG', '07 69 44 10 34', 'smdaliyilmaz@gmail.com', ''),
(349, 21, 'Yasar', 'YILMAZ', '40 Rue Geroldseck  ', '67200', 'STRASBOURG', '07 69 67 91 64', '', NULL),
(350, 22, 'Bilal Ferhat', 'ASAR', ' 13 Rue Le Cloestro ', '56700', 'KERVIGNAC', '06 74 75 25 82', '', ''),
(351, 22, 'Onur', 'BALCI', ' 4 Rue Duplessis De Grenedan', '56000', 'VANNES', '06 31 45 93 07', 'balci.onur@laposte.net', ''),
(353, 22, 'Yasar', 'OZTURK', ' 12 Allee Des Fauvettes', '29000', 'QUIMPER', '07 81 44 48 08', '', ''),
(355, 22, 'Ugur', 'SEMRA', '4 Rue De L\'Île De Man', '29000', 'QUIMPER', '', '', ''),
(356, 13, 'Yakup', 'KARA', '1 Impasse du Docteur Besancon', '69400', 'GLEIZÉ', '06 71 32 91 67', '', ''),
(359, 24, 'Hasan ', 'AYDOGAN', '11 Chemin Des Berges', '74960', 'GEVRIER', '0033632168025', '', ''),
(360, 24, 'Ercan', 'ÖZKILINÇ', '382 Avenue Du Val d\'Arve', '74300', 'MAGLAND', '0033609617651', '', ''),
(361, 24, 'Ismail', 'YILDIZ', '13 Chemin Clos de Champagne', '74200', 'THONON-LES-BAINS', '0033661544068', '', ''),
(362, 24, 'Alparslan', 'YILDIZ', '21 impasse de la Touffiere ', '74370', 'saint martin Bellevue', '0033 786181134', 'yildiza74@gmail.com', ''),
(363, 24, 'Ramazan', 'ALTINEL', '237 Rue Des Iles', '74300', 'Cluses', '0033660610586', 'ar-81@hotmail.fr ', ''),
(364, 24, 'Hüseyin', 'HIRLAK', '85 Avenue De La Plaine', '74970', 'MARIGNIER', '0033647350364', 'donduhirlak@gmail.com', ''),
(371, 10, 'Mevlud', 'ÇIÇEKLI', '6 Rue Sacco Et Vanzetti ', '38400', 'SAINT MARTIN D\'HÈRES', '06 71 09 40 74', '', NULL),
(373, 10, 'Mustafa', 'DEMIRCI', '57 Rue De L\'Iseran ', '73000', 'CHAMBÉRY', '06 80 93 91 70', '', NULL),
(377, 10, 'Ali', 'HARMAN', '22  Rue Lucien Andrieux ', '38100', 'GRENOBLE', '06 98 99 66 53', '', NULL),
(385, 10, 'Kebab', 'PASA', '34 Cours Saint André ', '38800', 'LE PONT DE CLAIX', '04 76 99 78 26', '', NULL),
(387, 10, 'Musa', 'SARACOGLU', '70  Avenue De La Combe ', '38610', 'GIERES', '06 68 74 11 00', '', NULL),
(389, 10, 'Yusuf', 'SOY', '223  Avenue Georges Clemenceau ', '73000', 'CHAMBERY', '06 69 38 16 32', '', NULL),
(390, 10, 'Ferhat', 'TOK', '10 Place Beaumarchais ', '38130', 'ÉCHIROLLES', '06 83 89 08 54', '', NULL),
(405, 25, 'Yusuf', 'Uslu', '33 rue du pre saint arnould', '88100', 'Saint Dié', '0652642334', 'yus90@hotmail.fr', ''),
(407, 12, 'Hakan', 'Sahin', '1700 Montée de la Chapelle', '38110', 'La Chapelle-de-la-Tour', '0648529991', '', ''),
(409, 18, 'Mustafa ', 'Sorgun ', '41 rue de l’abbaye', '93390', 'CLİCHY SOUS BOİS', '0699468632', 'hullibebek@outlook.com', ''),
(411, 12, 'mustafa', 'borazanoglu', '28 rue du trianon', '38300', 'bourgoin-jallieu', '0640839833', '', ''),
(412, 12, 'muhammet', 'borazanoglu', '22 route de la rivoire', '38300', 'bourgoin jallieu', '0623431438', '', ''),
(413, 12, 'Salih', 'AYDIN', '196 route de montceau', '38300', 'ruy-montceau', '0678298806', '', ''),
(415, 12, 'YUSUF', 'EMRE', '1 Rue du Château du Pin', '38110', 'La Tour-du-Pin', '0631474168', '', ''),
(416, 12, 'Abdulkadir', 'SEKER', '18 Rue Neuve Des Essarts', '69500', 'Bron', '0782904378', 'a.seker2515@gmail.com', ''),
(417, 12, 'mehmet', 'aslan', '', '', '', '+33632001039', 'mg1.probat@gmail.com', ''),
(418, 12, 'muhammet', 'SARIKAYA', '', '', '', '+33750996454', 'Muhammed_@hotmail.fr', ''),
(419, 12, 'ARIF', 'CALISKAN', '', '', '', '+33782935569', '', ''),
(420, 21, 'mucahit', 'ozturk', '91 rue du marais', '67300', 'Schiltighaim ', '06 86 46 87 38 ', 'smdmuco@gmail.com', ''),
(422, 18, 'Sevkı', 'yıldırım', '26 rue de la banque', '75002', 'Paris', '0782605329', 'sabri.fac@hotmail.fr', ''),
(424, 18, 'Uğur ', 'Özen', ' 14 rue de la fosse rouge', '94370', 'Sucy en Brie', '0658965359', 'Aleximozen@gmail.com', ''),
(425, 18, 'Burhan ', 'Kahraman ', '3 rue louıse mıchel', '93400', 'SAINT OUEN', '0684804077', 'Burhankahraman@sfr.fr', ''),
(427, 18, 'Hakan ', 'Cumur', '30 avenue sadi carnot ', '95140', 'GARGES-LÈS-GONESSE', '0665901389', 'guney.cumur@hotmaıl.com', ''),
(429, 18, 'Kayhan ', 'Sezer', '26 chemin de l Ormeteau', '91540', 'Mennecy', '+33 7 63 71 55 13', 'k.sezer38@gmail.com', ''),
(432, 12, 'SAMET', 'AYDIN', '3 rue dela berjallière', '38300', 'bourgoin_jallieu', '+0640889799', '', ''),
(434, 12, 'fuat', 'KARA 	', '2 bis Rue Jean Henri Fabre ', '38300', 'Bourgoin Jallieu', '', '', ''),
(435, 12, 'Ahmet', 'PAR', '4 Allée des robines ', '38300', 'bourgoin jallieu', '0611581292', '', ''),
(437, 27, 'Orhan ', 'Esen', '29 T.rue de Fingues', '33310', 'Lormont', '07 63 92 71 38', '', ''),
(438, 27, 'Davut ', 'Gültepe ', '9 Avenue Président Vincent Auriol apt 967', '33150', 'Cenon', '0033764046386', 'd.gultepe3366@gmail.com', ''),
(439, 27, 'Abdullah ', 'Gündogan', '1 rue Pierre Brossolette', '33310', 'Lormont', '07 64 04 63 86', 'agundugan2@gmail.com', ''),
(440, 27, 'Hakan ', 'Harmankaya ', '12 rue des Arts', '33310', 'Lormont', '0659694239', 'Hakanharmankaya56@gmail.com', ''),
(441, 27, 'Murat ', 'Kucak ', '41 Rue Roger Blouin apt 12', '33560', 'Saint-Eulalie', '0646441666', 'kucakmurat003@gmail.com', 'Residence le Moulin de Montferrant a'),
(442, 27, 'Ali ', 'Bozkır ', '22 Rue Voltair ', '33270', 'Floriac ', '0618946013', 'albozkr19gmail-6fce.com', ''),
(443, 27, 'Hasan ', 'Ülker ', '23 Place Voltaire apt 611', '33150', 'Cenon', '0637018930', '', ''),
(444, 27, 'Ahmet ', 'Orçun ', '35 rue Edouard Herriot', '33310', 'Lormont', '0778803264', 'assosacab@gmail.com', ''),
(446, 27, 'Yasin ', 'Bozkır ', '18 rue Martin du Gard', '33150', 'Cenon', '0625580288', '', ''),
(447, 27, 'Yusuf ', 'Bozkır ', '14 rue Beaumarchais apt.922', '33150', 'Cenon', '0650015882', 'assosacab@gmail.com', ''),
(448, 27, 'Burhan', 'Harmankaya ', '1 rue Marc Nouaux apt 416', '33310', 'Lormont', '0763634239', 'b.ecofilia@gmail.com', ''),
(449, 27, 'David', 'Ay', '19 Clos de la Cheneraie', '32100', 'Condom ', '0649211817', 'aegestion@live.fr', ''),
(450, 26, 'Günesci', 'Ahmet', '', '', '', '0610616383', '', ''),
(451, 26, 'Tasdemir', 'Saban', '4 rue auguste renoir ', '91100', 'Corbeil-Essonnes ', '0637142780', 'ccra-91@hotmail.com', ''),
(452, 26, 'Nevzat', 'Erdem', '', '91350', 'Grigny', '0645604963', 'nevzat.erdem@free.fr', ''),
(453, 26, 'Ihsan', 'Umuc', '', '', '', '0658823351', '', ''),
(454, 26, 'Ali', 'Gündogdu', '', '', '', '0620863608', '', ''),
(455, 26, 'Ali', 'Bilir', '5  Avenue des Sablons', '91350', 'Grigny', '0647594613', 'alibilir@hotmail.fr', ''),
(456, 26, 'Mustafa', 'Altay', '1 avenue du parc', '91130', 'Ris Orangis', '0768844717', 'Karabela0472@hotmail.com', ''),
(457, 26, 'Ismail', 'Hakan', '22 rue de Chemin vert', '94100', 'Saint Maur Des Fossés ', '0649687358', 'Sofigavs55@gmail.com', ''),
(458, 26, 'Cengiz', 'Aras', '', '', '', '0768367804', 'cengizaras1234@gmail.com', ''),
(459, 26, 'Serdar', 'Beysulen', '', '', '', '0781476601', '', ''),
(460, 26, 'Ömer', 'Günesci', '47 Rue G.Anthonioz de Gaulle', '91200', 'Anthonioz', '0624720450', 'omer.gunesci@gmail.com', ''),
(461, 26, 'Eyyüp', 'Gökalp', '', '', '', '0033676882693', 'gokalpeyup91@hotmail.fr', ''),
(462, 26, 'Ugur', 'Kurban', '', '', '', '0679787262', '', ''),
(463, 26, 'Okan', 'Özdemir', '48 Avenue Saint Saens ', '91240', 'Saint Michel Sur Orge ', '0751043397', 'bariozdemir@hotmail.com', ''),
(464, 14, 'Vedat', 'Çelik ', '102 Rue Nationale', '78970', 'Meziere sur seine', '0786024313', 'Vedatcelik68@hotmail.fr', ''),
(465, 14, 'Bilal', 'Ahcioglu', '4 Square Kennedy', '78120', 'Ramboullet', '0642096358', 'bilal55@hotmail.fr', ''),
(467, 14, 'Gazi', 'Özdemir', '20 rue anatole france apt 83', '27000', 'Evreux', '0789277055', 'g.gazi03@gmail.com', ''),
(468, 14, 'Emine', 'Goktas', '590 rue du 11 novembre ', '76650', 'Petit Couronne', '0789862424', 'eminerouen@gmail.com', ''),
(469, 30, 'Necip', 'Salkim', '62 rue Jean Moulin', '54350', 'mont saint martin', '0680205346', 'necipsalkim1978@gmail.com', ''),
(471, 3, 'Osman', 'Bayram', '3 rue de strasbourg  ', '67240', 'Bischwiller', '0033652576561', 'bayram.osman67@gmail.com', ''),
(472, 3, 'Mustafa', 'Bayram', '2 impasse du blaireau', '67240', 'Bischwiller ', '0695488882', 'mustafabayram196638@gmail.com', ''),
(473, 3, 'Mehmet', 'Basak', '41 rue Paul Weiss ', '67240', 'Bischwiller', '06 71 41 77 05', 'basak.mehmet@hotmail.fr', ''),
(475, 3, 'Ayhan', 'Öz', '5a Émailleries', '67800', 'Hoenheim', '0650157526', '', ''),
(479, 25, 'Muhammed-Ali', 'Öz', '48 rue des 4 Fréres Mougeotte', '88100', 'Saint Dié', '0650349745', 'm.ali1995@hotmail.fr', ''),
(480, 17, 'Hüseyin', 'Dogan', '3 rue Edouard Branly ', '39200', 'Saint-Claude ', '0631846712', 'huseyindogan39@gmail.com', ''),
(481, 12, 'hasan', 'akdag', '5 rue marcel cerdan', '69009', 'lyon', '0630682057', 'hasan.akdag@free.fr', ''),
(482, 12, 'muhammet sefa', 'sari', '8 Rue girod del\'ain', '01500', 'Amberieu en bugey', '+33760741054', 'muhammet.sari@hotmail.fr', ''),
(483, 13, 'Ugur', 'Meric', '', '', '', '0768498152', '', ''),
(485, 16, 'Fikret', 'Cekici', '17c Avenue de Belgique ', '68110', 'Illzach', '0033685583903', 'fikret.est@hotmail.com', ''),
(486, 16, 'Bayram', 'YILMAZ', '21 Boulevard des Nations ', '68200', 'MULHOUSE', '0033768932706', 'naturaltpp@gmail.com', ''),
(487, 21, 'Zeynep', 'Kiliçarslan', '21 rue lavoisier ', '67200', 'STRASBOURG ', '06 27 14 65 58', 'Zeynepkoc6761@hotmail.com', ''),
(488, 21, 'Rakiye', 'Demir', '7 rue des coquelicots', '67230', 'BENFELD', '07 67 45 58 84', 'rakiyedmr@gmail.com', ''),
(490, 21, 'Ayse', 'Dag özdemir', '53 rue des mouettes', '67100', 'NEUDORF', '06 36 18 37 60', 'Aysedag.6768@gmail.com', ''),
(492, 21, 'Sultan', 'Atmaca', '', '', '', '', '', ''),
(493, 21, 'Mustafa', 'Sahin', '9 rue du foyer', '67810', 'Holtzheim', '0651931690', 'sahmustafa025@hotmail.fr', ''),
(494, 21, 'Huriye', 'Oberfeld', '39 Rue De La Robertsau', '67800', 'BISCHHEIM', '06 51 57 63 97 ', 'vasvami@gmail.com', ''),
(496, 12, 'fatih', 'YENIL', '20 rue louis pasteur', '42510 ', 'Balbigny', '0750339737', '', ''),
(497, 12, 'TAHA', 'KIRLI', '139 rue henri bernard', '42510', 'BALBIGNY', '+33667719858', '', ''),
(498, 21, 'koksal idris', 'kurnaz', '42 rue wendelin  rihel', '67500', 'haguenau', '0622778359', 'koksalkurnaz@yahoo.fr', ''),
(499, 21, 'Mustafa', 'UYSAL', '6 rue D\'Alsace', '88110', 'Raon l\'Etape', '06 80 73 22 81', '', ''),
(500, 21, 'Ahmet', 'SARIKAYA', '13 Rue Seneque', '67200', 'Strasbourg', '0783147754', 'ahmet.sarikaya@outlook.fr', ''),
(501, 21, 'Ali', 'YEMENOGLU', '9 rue du chateau d\'eau', '67550', 'VENDENHEIM', '06 67 45 57 34', 'Yemenogluhumeyra@yahoo.fr', ''),
(503, 12, 'ahmet', 'elibal', '6 rue blanche ', '69500', 'lyon', '0615629284', 'ahmetreiselibal@gmail.com', ''),
(504, 18, 'Eyüp ', 'Aydemir ', '6 rue des Louvres ', '95140', 'Garges-lès-Gonesse ', '0785115910', 'ass.anatolie95@gmail.com', ''),
(505, 21, 'makbule', 'ayan', '', '', '', '', '', ''),
(506, 3, 'Antoine', 'Bsaïbes', '28 rue des Cimetières', '67240', 'Bischwiller', '', '', ''),
(507, 30, 'Hilal', 'Orcun', '72 Avenue du 8 Mai 1945', '54400', 'Longwy', '', '', ''),
(509, 12, 'murat', 'yildiz', '21 avenue leo lagrange ', '69200', 'venissieux', '0609498690', 'naksigulu.my@gmail.com', ''),
(510, 18, 'Huseyin', 'Ocak', '57 rue François deLattre', '62440', 'Harnes', '0033663988890', 'ass.anatolie95@gmail.com', ''),
(511, 18, 'Mürsel ', 'Ayyıldız ', '3 route de Bussière ', '45500', 'Gien', '00 33 6 07 12 95 60', 'ayyildiz.mursel@gmail.com', ''),
(513, 30, 'Yakup', 'HARPUTOGLU', '11 rue de la Chapelle', '57530', 'Laquenexy', '', '', ''),
(514, 30, 'Mehmet', 'OZKAYA', '2 rue Danjou', '57070', 'Metz Borny', '', '', ''),
(519, 16, 'Abdallaoui', 'MEZIANE', '22 rue du 8 Mai', '68700', 'CERNAY', '0033666919572', 'abdallaouimeziane@gmail.com', ''),
(520, 18, 'Recep', 'Akdogan', '9.chfortes tedesrres ', '93800', 'Epinay Sur Seine', '33675338830', 'balamparis25@hotmail.fr', ''),
(521, 18, 'Yusuf', 'Akdogan', '20 avenue de Savigny ', '93600', 'AULNAY SOUS BOIS', '33645459046', 'yusufakdogan47@gmail.com', ''),
(522, 28, 'Halil', 'Akgun', '', '', '', '33614985707', 'halil.akgun@hotmail.fr', ''),
(523, 27, 'Mehmet', 'akin', '6 Chemin de la Rafette', '33450', 'Saint Loubes', '33601994746', 'xface@hotmail.fr', ''),
(525, 16, 'Emin', 'AKSOY', '12 rue de Kingersheim', '68200', 'MULHOUSE', '0033640208300', 'aydogduemin58@gmail.com', ''),
(526, 18, 'Ender', 'Aktas', '7 rue des Muriers', '95140', 'Garges-lËs-Gonesse', '33685398874', 'enderaktas1@gmail.com', ''),
(528, 18, 'huseyin', 'Aktas', '1 rue robert de luzarches', '95140', 'Garges les Gonesse', '33695488951', 'mail.Hus.95.menzil@gmail.com', ''),
(530, 18, 'Ramazan', 'Akyuz', '6 rue Claude Bernard ', '77100', 'Meaux', '33762346674', 'ibrahimyzf77@gmail.com', ''),
(532, 24, 'Abdulbaki', 'Altinel', '', '', '', '0033634616523', '', ''),
(533, 16, 'Fahrettin', 'ARDIC', '167 rue de belfort ', '68200', 'MULHOUSE', '0033652765242', 'fahrettin.ardic99@gmail.com', ''),
(534, 26, 'Fesih', 'Atay', '3 Avenue des Sablons ', '91350', 'Grigny', '33786156630', 'fesih.atay@gmail.com', ''),
(537, 18, 'Huseyin', 'Aydemir', '', '', '', '33626677429', 'ass.anatolie95@gmail.com', ''),
(541, 13, 'Sacid', 'Bahadur', '2475 route de Marboz', '01440', 'Viriat', '+33698542468', 'sacit.bahadur@netcourrier.com', ''),
(542, 30, 'Ramazan', 'Bal', '', '', '', '33617945903', '', ''),
(543, 27, 'Turgay', 'Baltaci', '15 rue du Grand Loc', '33530', 'Bassens', '33781085570', 'Tb-entreprise@hotmail.com', 'Res. Beauval Bat.D apt.9'),
(545, 8, 'ishak', 'Baran', '', '', '', '33688123949', '', ''),
(551, 17, 'Murat', 'Bayram', '3 rue Joseph Bernard Delilia', '01460', 'Montreal la Cluses', '33652190525', 'murat17sem@gmail.com', ''),
(552, 14, 'Isa', 'Bilen', '6 Rue Joliot-Curie', '27000', 'EVREUX', '33612395326', 'i_bilenn@hotmail.com', 'Fusain apt 521'),
(553, 5, 'Hasan', 'Biyik', '', '', '', '33649534077', 'dogan.biyik68@gmail.com', ''),
(554, 18, 'Ferhat', 'Boztas', '42 rue Jean Moulin', '95140', 'Garges Les Gonesse', '33753745507', 'ferhatboztas95@hotmail.com', ''),
(555, 18, 'Davut', 'Caliskan', '4 rue lorraine', '77420', 'champs sur Marne', '33761711819', 'Caliskandavut2019@gmail.com', ''),
(556, 13, 'Kemal', 'Caliskan', '', '', '', '33678911371', NULL, NULL),
(557, 27, 'Aykut', 'Camlica', '11 rue Edouard  Branly apt.60', '33100', 'Bordeaux', '33638119239', 'camlicaaygut_33@hotmail.fr', ''),
(558, 27, 'Özlem', 'Camlica', '11 rue Edouard Branly', '33100', 'Bordeaux', '33781031474', 'camlicaaygut_33@hotmail.fr', ''),
(562, 18, 'Ibrahim Zeyyad', 'Cekici', '149 boulevard Malesherbes', '75017', 'Paris', '33661247599', 'ibrahimzeyyad.cekici@gmail.com', ''),
(563, 18, 'Mehmet', 'Celikbilek', '1 place saint exupery', '93110', 'Rosny sous bois', '33648899211', 'celebi671@hotmail.fr', ''),
(564, 18, 'Galip', 'Cimen', '22 place george Pompidou ', '93160', 'noisy le grand', '33760251010', 'galipcimen@free.fr', ''),
(565, 9, 'Hasan', 'Civan', '14 rue de nancy ', '57510 ', 'puttelange aux lacs', '33613307234', 'color-facades@laposte.net', ''),
(568, 18, 'Mehmet', 'Dastan', '3 rue le Paviot', '95400', 'Villiers le belle', '33669492133', 'decomarbre04@hotmaıl.com', ''),
(570, 18, 'Mustafa', 'Degirmenci', '20 Route Nationale 3', '77410', 'Claye Souilly', '33651788901', 'Contact@dmprefa.fr', ''),
(572, 21, 'Abdullah', 'Demir', '14 Rue Antoine Bechamp', '67230', 'BENFELD', '33678340009', '', ''),
(574, 5, 'Mahmut', 'Demirel', '', '', '', '33678717625', NULL, NULL),
(575, 2, 'Ömer', 'Demirezen', '3 rue de Normandie', '90100', 'Delle', '33652143909', '', ''),
(579, 28, 'Tuna', 'Ekentok', '', '', '', '33684048239', 'decobatim@hotmail.fr', ''),
(580, 2, 'Halim', 'Erdogan', '', '', '', '33642129991', '', ''),
(581, 14, 'Özcan', 'Erkci', '79 Rue des garennes', '78200', 'Mantes la Jolie', '33767693283', NULL, NULL),
(582, 9, 'Hasan', 'Eroglu', '94 rue des moulinis', '57600', 'forbach', '33659682406', 'huss0303@gmail.com', ''),
(583, 13, 'Mesut', 'Ertürk', '', '', '', '33635175085', NULL, NULL),
(587, 18, 'Ali', 'GÜneş', '54 rue Edouard manet', '77500', 'Chelles', '33662386935', 'gufuk86@gmail.com', ''),
(588, 18, 'Mehmet', 'Gerin', '105 Av Republique', '93800', 'Epinay Sur Seine', '33643238186', 'mehmet.gerin@hotmail.fr', ''),
(593, 18, 'Abdulkadir', 'Guillot', '46 avenue du bois saint denis', '93420', 'Villepinte', '33632130286', 'Abdulkadir.guillot@gmail.com', ''),
(594, 14, 'Murat', 'Güneri', '28 Domaine de la garenne', '61300', 'L`aigle', '33769065606', 'Ataautomobile61@gmail.com', ''),
(595, 30, 'Meryem', 'Harputoglu', '', '', '', '33602327420', '', ''),
(596, 9, 'Kayacan', 'Ibrahim', '13 rue auguste rolland', '57580', 'remilly', '33633841530', 'ibrahim.kayacan@icloud.com', ''),
(598, 18, 'Hasan', 'Imer', '2 rue des noisetiers', '95140', 'Garges les gonesse', '33660939775', 'hasan35fatma04@gmail.com', ''),
(600, 3, 'Murat', 'In', '', '', '', '33771231532', NULL, NULL),
(601, 2, 'Bekir', 'Urkmez', '', '', '', '33632186261', '', ''),
(602, 2, 'Muhammed', 'Urkmez', '', '', '', '33652073791', 'mohaihsan@gmail.com', ''),
(605, 18, 'Mehmet', 'Karatas', '9 place de la coquille', '78570', 'chanteloup les vignes', '33769144944', 'hasan35fatma04@gmail.com', ''),
(607, 8, 'Bunyamin', 'kavakliyazi', '', '', '', '33635300392', NULL, NULL),
(609, 9, 'Mehmet', 'Kaya', '14 grand rue', '57510', 'Saint Jean-Rohrbach', '33614550853', 'ideal-crepis@laposte.net', ''),
(611, 18, 'Seref', 'Kaya', '6 rue Gaston Couté', '95190', 'Goussainville', '+33 6 51 29 81 94', 'serefk236@gmail.com', ''),
(618, 13, 'Mehmet', 'Kilic', '', '', '', '33699454989', NULL, NULL),
(620, 24, 'Necdet', 'Kizilcelik', '', '', '', '0033652201756', '', ''),
(621, 28, 'Senol', 'Kizmaz', '', '', '', '33619155756', 'senol.kizmaz@hotmail.fr', ''),
(622, 5, 'Gürsel', 'Koçak', '', '', '', '33631133286', NULL, NULL),
(623, 18, 'Rasit', 'Köroglu', '35 rue du parc ', '10400', 'nogent sur seine', '33675455895', 'Rasitkoroglu6777@gmail.com', ''),
(624, 18, 'Ibrahim', 'Köse', '2 rue des lilas', '93600', 'Aulnay sous boıs', '33767673400', 'asafnusrettin@gmail.com', ''),
(628, 30, 'Önder', 'Köse', '', '', '', '33674542293', '', ''),
(633, 18, 'Mehmet', 'Laçin', '14 cite mimbertin ', '60700', 'pont saint Maxence', '33760395111', 'mehmetl@hotmail.fr', ''),
(638, 9, 'Kayacan', 'Mustafa', ' 9 cite des jardin', '57510', 'saint jean rohrbach', '33649714106', 'mustafa.kayacan57@gmail.com', ''),
(642, 17, 'Resul', 'Mutlu', '9 Avenue Jacques Cartier ', '01460', 'Montreal la Cluses', '33648211912', 'Mutluresul@live.fr ', ''),
(643, 12, 'Abidin', 'Nas', '', '', '', '33620790514', '', ''),
(645, 12, 'Fikret', 'Nefes', '', '', '', '33650045028', '', ''),
(648, 9, 'Zeki', 'Ocak', '', '', '', '33614823643', NULL, NULL),
(650, 18, 'Kadir', 'Odabas', '10 rue gounod', '95400', 'Villiers le belle', '33699421969', 'odabaskadir95@gmail.com', ''),
(652, 30, 'Burhan', 'Olgun', '3 Boulevard d\'Alsace', '57070', 'Metz Borny', '33750376934', '', ''),
(653, 1, 'mushab', 'Özberk', '12 rue de Sel', '67560', 'rosheim', '33671271745', NULL, NULL),
(656, 9, 'Ahmet', 'Ozer', '22 rue de Strasbourg  ', '57730 ', 'Macheren', '33647892457', 'ahmet.ozer@hotmail.fr', ''),
(657, 2, 'Kenan', 'Polat', '16 rue de vellescot', '90100', 'Boron', '33602619647', '', ''),
(658, 12, 'Ayhan', 'Sag', '', '38300', 'BOURGOIN', '33670769567', '', ''),
(660, 5, 'Davut', 'Sahin', '', '', '', '33679476046', 'davutsahin.dsp@gmail.com', ''),
(661, 9, 'Savas', 'Sahin', '12 rue de nancy ', '57510 ', 'puttelange aux lacx ', '33686201448', 'savas_sahin28@hotmail.com', ''),
(663, 8, 'Murat', 'Sari', '', '', '', '33789670554', NULL, NULL),
(664, 27, 'Burhan', 'Saritas', '11 rue Jean Moulin apt.520', '33310', 'Lormont', '33629360304', 'burhan-saritas@hotmail.fr', ''),
(666, 2, 'Celal', 'Sen', '3 rue des voges', '90100', 'Delle', '33650836883', '', ''),
(670, 1, 'selim', 'Sesiguzel', '3 rue rebberg', '67220', 'saint martin', '06 51 74 60 37', '', ''),
(672, 9, 'Abdurrahman', 'Soydan', '7 rue de l’étang ', '57510', 'Puttelange aux lacs.', '33681705455', 'armagan1@hotmail.fr', ''),
(673, 9, 'Ramazan', 'Soydan', '2 rue nationale ', '57510', 'saint jean rohrbach', '33782925191', 'ramazan_soydan@hotmail.com', ''),
(674, 18, 'Metin', 'Tahtaci', '39 A rue pasteur', '91280', 'st pierre du perray', '33634124550', 'tahtacim@gmail.com', ''),
(675, 24, 'Mahmut', 'Tanriverdi', '', '', '', '0033628927196', '', ''),
(676, 18, 'Gökhan', 'Topcu', '9 rue Pierre Curie ', '10100', 'Romilly sur seine', '33695207832', 'gokhan.t.pro@gmail.com', ''),
(678, 16, 'Zekeriya', 'ÜRKMEZ', '23 rue de wittenheim', '68200', 'MULHOUSE', '0033782039398', 'urkmezzekeriya@gmail.com', ''),
(681, 17, 'Süleyman', 'Yavuz', '6 impasse des Moulins ', '01130', 'Les Neyrolles ', '33612865373', 'rahman_yavuz@hotmail.com', ''),
(684, 13, 'Fatih', 'Yildiz', '', '', '', '33750994057', NULL, NULL),
(685, 3, 'Mustafa', 'Yilmaz', '32 rue des foulons', '67200', 'Strasbourg', '33682615843', NULL, NULL),
(688, 15, 'Mikail', 'Yolal', '7 rue Corneille', '41000', 'Blois', '06 457 135 59', 'yolal.mikaiil@gmail.com', ''),
(689, 18, 'Feyzullah', 'Yolcu', '8 rue henri dunat ', '95170', 'Deuil la barre', '33647876436', 'Feyzullahyolcu@gmail.com', ''),
(690, 9, 'Ocak', 'Zekai', '23 c rue bossuet ', '57510 ', 'Puttelange aux lacs. ', '33617930701', 'Zekayocak@ hotmail.fr', ''),
(692, 22, 'Atilla', 'Cacan', '9 rue du devehat ', '56250', 'Trefflean', '0684276740', 'atillacacan56@gmail.com', ''),
(693, 22, 'Fatih ', 'Cacan', '9 rue du devehat', '56250', 'Trefflean', '0033660615465', 'fatihcacan@hotmail.com', ''),
(697, 3, 'Mustafa ', 'Tazearslan ', '14 rue du carmel', '67240', 'Bischwiller', '0789794230', 'can_sel_@hotmail.fr', ''),
(699, 12, 'Yalçın ', 'hakan', '11 Cité Georges Dimitrov', '69700 ', 'Givors', '0646750556', '', ''),
(700, 2, 'Ömer', 'Güngör', '8 rue de tramway', '90000', 'Belfot', '06 851 981 67 ', 'omergungor9066@gmail.com', ''),
(701, 15, 'Ibrahim', 'Öcal', '1 rue des vignerons ', '41350', 'Saint Gervais la Forêt', '07 834 614 70', 'ibrahimocal12@gmail.com', ''),
(702, 2, 'Mesud', 'Culha', '9 rue Du vo', '70400', 'Brevilliers', '07 66 55 96 86', '', ''),
(703, 30, 'Hasan ', 'Tunc', '5 rue d\'alsace', '57950', 'montigny-les-metz', '06 36 49 16 17', '', ''),
(704, 30, 'Kübra', 'Cibik', '8 rue verdun ', '54350', 'Mont Saint Martin ', '07 51 60 65 80', '', ''),
(706, 30, 'Muhammed Zahid', 'Karakaya', '15 Rue des longues raies ', '57070', 'Metz ', '06 52 06 00 33 ', '', ''),
(707, 30, 'Koray', 'Karakaya ', '15 rue des longues raies ', '57070', 'Metz', '0033652060033', 't.oman@hotmail.fr', ''),
(708, 30, 'Eslem', 'Özkaya', '2 rue d`anjou', '57070', 'Metz/Borny', '06 02 13 00 84', '', ''),
(709, 30, 'Yilmaz', 'Harputoglu', '23 rue de petit pre', '57070', 'Metz', '06 02 32 74 20', '', ''),
(710, 30, 'Bilal', 'Koc', '34 rue de l`isere', '57250', 'Moyeuvre grande', '06 95 72 79 38', '', ''),
(711, 30, 'Tuncay', 'Kalkan ', '26 rue des grandes champs', '57290', 'Fameck', '06 08 72 09 65', '', ''),
(714, 12, 'SERDAR', 'TORUN', '6 rn 75 ', '01500', 'AMBUTRIX', '0686357600', '', ''),
(715, 12, 'ALPER', 'DISCI', 'Rue Gustave Noblemaire', '01500', 'Ambérieu-en-Bugey', '0667891386', '', 'D02'),
(716, 16, 'Ibrahim', 'KOSE', '3 rue charles gozerich', '68100', 'MULHOUSE', '0033695560796', 'ibrahim.kö68@hotmail.com', ''),
(718, 31, 'Abdulbaki ', 'Uyanik ', '11 imps cabernet', '34980', 'St Clement ', '0033 78 25 78 333', 'abdulbaki03@hotmail.com', ''),
(719, 31, 'Mehmet', 'Aydiner ', '28 rue louis Jouvet ', '34500', 'Beziers ', '0033661286773', 'aydiner.m@hotmail.com', ''),
(720, 31, 'Mehmet', 'Sururi ', '21 Chemin de Landers ', '30140', 'Bagard', '0033 61 31 72 256', 'tokatli.mehmet@neuf.fr', ''),
(721, 31, 'Aslan', 'Aykin ', '19 bis Chemin de la tourette', '30140', 'Boisset et Gaujac', '06 21 96 45 30 ', 'aslan.aykin75@gmail.com', ''),
(722, 3, 'Ali', 'Tunca', '4 rue d\'oberhoffen', '67240', 'Bischwiller', '+33 6 17 80 24 09', 'ali67yasar@gmail.com', ''),
(723, 18, 'Ali', 'MATSAR ', '76 boulevard Paul vaillant couturier', '95190', 'Goussainville ', '+33 7 82 88 89 90', 'ali.matsar95@gmail.com', ''),
(724, 18, 'Güngör ', 'ÖZTÜRK ', '5 rue de Dijon', '93800', 'Epinay sur seine', '00 33 6 22 25 51 22', 'ass.anatolie95@gmail.com', ''),
(725, 18, 'Hasan', 'SAKAL ', '10 allee saint saens ', '95140', 'Garges les gonesse', '00 33 7 69 78 66 90', 'hasansakal15@gmail.com', ''),
(726, 18, 'Melek ', 'ÖZER ', '40 rouet villemomble', '93140', 'Bondy', '0781165604', 'sumeyra63ozer@gmail.com', ''),
(727, 21, 'Ferhat ', 'KARAARSLAN ', '13 rue de l\'ancienne glaciere ', '67190', 'Mutzig', '+33 768506818', 'ferhatmnzl25@gmail.com', ''),
(729, 18, 'Erol ', 'YİĞİT ', '10 rue du parc ', '45700', 'Villemandeur', '0033637426522', 'sin.ger57@hotmail. fr', ''),
(730, 18, 'Nurettin ', 'KAHRAMAN ', '1 allée la Bruyère ', '93390 ', 'Clichy sous boıs ', '+33 7 60 93 42 42', 'nkahraman42@gmail.com', ''),
(731, 18, 'Şinasi', 'KÖSE ', '24 rue du général Julien ', '93800', 'Epinay sur seine', '+33 6 16 90 19 61', 'sinasikose93@gmail.com', ''),
(732, 18, 'Ferhat ', 'TANRIKULU ', '3 rue Paul Valéry ', '92240', 'Malakoff', '+33 6 63 83 66 76', 'Cpbsasu@gmail.com', ''),
(733, 21, 'bekir', 'sahin', '2 a rue des acacias', '67120', 'ERNOLSHEIM', '06 08 65 03 16', 'contact@estfacades.fr', ''),
(735, 9, 'Hoca', 'Ozan', '', '', 'FARRSCHVILLER', '+33660715095', '', ''),
(736, 5, 'Enes', 'Akbulut', '', '', '', '0033750086428', '', ''),
(738, 21, 'muhammed rasit', 'yapici', '172 avenue de perigeux', '67800', 'BISCHHEIM', '06 51 09 37 19 ', 'yapicimohammed@gmail.com', ''),
(739, 1, 'HATICE', 'CEKIC', '6 allé de l\'europe', '67140 ', 'BARR', '06 09 20 73 04', '', ''),
(740, 1, 'AHMET', 'DEMIREL', '14 RUE ALTGASS', '67140', 'BARR', '0033 649843848', '', ''),
(741, 1, 'HAMZA', 'YENIAVCI', '11 AVENUE DE GAIL', '67210', 'OBERNAI', '06 45 35 92 63', 'hamza.yeniavci@live.fr', ''),
(742, 1, 'BAHRIYE', 'KURBAN', '14 RUE ALTGASS', '67140', 'BARR', '06 07 85 19 33 ', 'Kurban.murat@yahoo.fr', ''),
(743, 1, 'SERVET', 'DEMIR', '14 RUE ANTOINE BECHAMP', '67230', 'BENFELD', '07 60 03 18 96', '', ''),
(746, 1, 'ZULFIDAR', 'KARASAHIN', '11 AVENUE DE GAIL', '67210', 'OBERNAI', '', '', ''),
(749, 1, 'NURI', 'Sesiguzel', '3 rue rebberg', '67220', 'saint martin', '06 51 74 60 37', 'nurilescousins@hotmail.fr', ''),
(750, 8, 'Hasan', 'Yerlikaya', '', '', '', '', '', ''),
(751, 21, 'Muhammed Salih', 'Yilmaz', '16 rue lavaisier', '67200', 'STRASBOURG', '06 85 95 14 16 ', 'yilmaz_bayram@outlook.fr', ''),
(752, 12, 'Yusuf ', 'YAPICI', '1 Allée des Sitelles', '38230 ', 'Tignieu-Jameyzieu', '0667956718', '', ''),
(753, 12, 'Muzaffer', 'KAYNARCA', 'la  Truffe', '63250 ', 'Chabreloche', '', '', ''),
(754, 12, 'Halil', 'ATAK', '11 Chemin du Patural', '42700', ' Firminy', '', '', ''),
(755, 12, 'ismail', 'BEKTAS', '425 Chemin de la Foux', '06370', ' Mouans-Sartoux', '0627489280', '', ''),
(756, 27, 'Hasim ', 'Baykus ', '4 Rue du Val Vert apt 4  Batiment 5 Residence Pres', '33310', 'Lormont ', '07 50 20 3905 ', 'assosacab@gmail.com', ''),
(757, 27, 'Necmettin ', 'Önce', '2 Lotissment les pres D`en Ville', '32100', 'Condom / Agen', '0632902422', '', ''),
(758, 2, 'Yusuf', 'Hatip', '2 voie minerve', '90300', 'Offemont', '0648586232', 'hatip.y@hotmail.com', ''),
(759, 2, 'Ayhan', 'Hasan', '1 Allé Auguste Pointelin', '25700', 'Valentigney', '', '', ''),
(760, 18, 'Sinan', 'Kahraman', '16 résidence Sévigné ', '93390', 'Clichy Sous Bois', '0661069613', 'Sinann93@icloud.com', ''),
(762, 21, 'Faruk', 'Korkmaz', '27 rue schulmeister', '67100', 'Strasbourg ', '06 63 20 47 70 ', 'furkanmeryem3@gmail.com', ''),
(763, 12, 'SALIH', 'KARABAY', '', '', '', '+33652345667', '', ''),
(764, 12, 'ÜMMÜ', 'ALKIS', '', '', '', '+33766086628', '', ''),
(766, 12, 'SULEYMAN', 'YASAR', '15 Rue de la Plaine', '38300', 'Bourgoin-Jallieu', '', '', ''),
(768, 12, 'MERYEM', 'SAILLARD', '41 Rue Anatole France', '69190', ' Saint-Fons', '', '', ''),
(769, 12, 'AYSE', 'BALKAY', '18 Rue Danielle Casanova', '69190 ', 'Saint-Fons', '', '', ''),
(770, 12, 'ABDURRAHMAN ', 'ERDINC', '33 chemin des carrières ', '01150 ', 'LEYMENT', '067410522', '', ''),
(772, 12, 'NABIL', 'FECIH', '19 Rue Jacqueline Auriol', '69330 ', 'Meyzieu ', '0627186301', '', ''),
(773, 12, 'MAHMUT ESAT', 'INCE', '', '', '', '', '', ''),
(775, 16, 'Vedat', 'AYDOGAN ', '44 rue de Belfort ', '68128', 'VILLAGE-NEUF', '0033628500452', 'ayvedat83@gmail.com', ''),
(777, 11, 'Ferhat ', 'Cetinkaya ', '19 Route de la Couture Charbon', '87350', 'Panazol', '06 17 16 42 38', '', ''),
(778, 11, 'Emrah ', 'Akkus ', '36 Rue Rhin et Danube', '87280', 'Limoges ', '06 14 39 06 22 ', '', ''),
(779, 11, 'Ali ', 'Duyar ', '22 Rue Rhin et Danube ', '87280 ', 'Limoges ', '0664776813', '', ''),
(780, 14, 'Capan', 'Karakaș ', '84 Route de Chaise ', '78125', 'Raizeux', '06 69 13 96 50 ', 'korhankarakas06@gmail.com', ''),
(781, 14, 'Nurhan ', 'Imamoglu', '8 Rue de Moulin ', '78610 ', 'Le Perray en Yvelines ', '06 52 52 12 17 ', '', '');
INSERT INTO `subscriber` (`id`, `sube_id`, `firstname`, `lastname`, `address`, `postalcode`, `city`, `telephone`, `email`, `complement`) VALUES
(782, 14, 'Adil', 'Cinar ', '37 De la Vallee ', '78200', 'Jouy Mauvoisin ', '06 98 28 00 38 ', '', ''),
(783, 14, 'Hasan', 'Gölge', '28 Avenue Maryse Bastie ', '78190 ', 'Trappes ', '06 45 65 35 44', 'golge.bey14@gmail.com', ''),
(784, 14, 'Zeynep Ravza ', 'Kestek', '8 Rue Claude Monet ', '76140', 'Le Petit Quevilly ', '06 52 89 25 84 ', 'zeynep76140@gmail.com', ''),
(785, 14, 'Murat ', 'Yigit ', '7 Allee des Grandes Vignes ', '78200', 'Mantes la Jolie ', '', 'efsane06@hotmail.fr ', 'Apt: 6 a 11 '),
(786, 20, 'Veli ', 'Baykara ', '18 Rue terraly', '26140', 'St Rambert ', '', 'baykaraveli@gmail.com', ''),
(788, 14, 'Ahmet ', 'Kestek ', '', '', '', '', '', ''),
(789, 14, 'Ahmet ', 'Eksi', '', '', '', '', '', ''),
(791, 14, 'Süleyman', 'Yilmaz', '', '', '', '', '', ''),
(792, 18, 'Göktug', 'Tali', '18 Rue Sainte-Barbe', '57450 ', 'Farschviler ', '004917624451375', 'goktugtali@gmail.com', ''),
(793, 18, 'Atilla ', 'Ziyaret ', '32 rue de L’amiral roussin ', '75015', 'Paris ', '00 33 6 19 11 52 82', 'sabri.fac@hotmail.fr', ''),
(795, 18, 'Nesim', 'Kemertaş ', '', '', '', '00 33 7 66 68 31 29', 'ass.anatolie95@gmail.com', ''),
(796, 3, 'Taceddin', 'Tazearslan ', '1a Rue de l\'église ', '67240', 'Bischwiller ', '', '', ''),
(800, 3, 'Oktay', 'Kücüko', '19 rue des oillets ', '67240', 'Bischwiller ', '0033 652138301', 'gucukoktaay@gmail.com', ''),
(801, 3, 'Muzaffer', 'Demirci', '1 rue du chevreuil', '67240', 'Bischwiller', '0785687118', '4p.concept.67@gmail.com', ''),
(804, 18, 'Fatma ', 'Serdar ', '46 rue de villemandeur ', '45120', 'Villemandeur', '+33 7 84 96 13 28', 'sercanserdar125@gmail.com', ''),
(805, 18, 'Mehmet Sercan ', 'Serdar ', '46 rue de villemandeur ', '45120', 'Villemandeur ', '+33 6 95 87 43 15', 'sercanserdar125@gmail.com', ''),
(807, 14, 'Bayram', 'Güney ', '6 rue des marais ', '78120', 'Rambouillet ', '', '', ''),
(814, 13, 'Rasit ', 'Yildirim ', '154 chemin de la lye', '71000', 'Macon', '+33682173932', '', ''),
(815, 13, 'Ömer ', 'Kalkan ', '', '', '', '0033 660210995', '', ''),
(817, 18, 'Ümit ', 'Öğeday ', '', '', '', '00 33 7 80 72 44 64', 'ogeday@gmail.com', ''),
(819, 17, 'Ilhan', 'Öztürk ', '15 rue Georges Jeudy ', '01460', 'Montreal la Cluse ', '06 50 31 51 02 ', 'ilhan.ozturk@hotmail.fr', ''),
(820, 18, 'Murat', 'Canayakin ', '2 impasse André turca ', '95470', 'Vemars', '00 33 7 69 07 53 06', 'Muratcanayakin9@gmail.com', ''),
(821, 18, 'Tufan', 'Aydın ', '145 place de podor ', '51120', 'Sezanne', '00 33 6 75 00 41 45', 'aydıntufan278@gmail.com', ''),
(822, 17, 'Ibrahim', 'Yildiz ', '161 impasse des mesanges ', '01100 ', 'martignat ', '06 33 54 88 32 ', 'brahimacp@hotmail.fr', ''),
(824, 24, 'Selami', 'Görmüs ', '', '', '', '0033 629734739', '', ''),
(825, 24, 'Cengiz   (Abdurrahman)', 'Saglam ', '', '', '', '0033 695232338', '', ''),
(826, 24, 'Ahmet', 'Kaygin ', '', '', '', '0033 651960872', '', ''),
(827, 24, 'Efendi Kamil', 'Özel', '', '', '', '06 26 06 76 10', '', ''),
(828, 24, 'Ilker ', 'Dalgar ', '', '', '', '0033 652908384', '', ''),
(829, 24, 'Mürsel', 'Ay', '', '', '', '0033 609511790', '', ''),
(830, 24, 'Erkan ', 'Yilmaz', '', '', '', '0033 634406218', '', ''),
(831, 24, 'Abdullah ', 'Turkoz', '', '', '', '0033 684458636', '', ''),
(832, 24, 'Muhammed ', 'Oruc', '', '', '', '0033603517389', '', ''),
(835, 8, 'Zeynep', 'Yerlikaya', '', '', '', '06 22 83 75 75 ', '', ''),
(836, 16, 'Hatice', 'GULER', '59 rue albert schweizer', '68270', 'WITTENHEIM', '0033671877855', 'gulerr.adem@gmail.com', ''),
(837, 16, 'BEYHAN', 'BALLI', '72 passage chaptal', '68200', 'MULHOUSE', '0033783144114', 'beyhanballi66@gmail.com', ''),
(838, 16, 'Nimet ', 'OZEN', '68E R DE PFASTATT', '68260', 'KINGERSHEIM', '0033617793256', 'nimetozen68@gmail.com', ''),
(839, 16, 'Fatma', 'KARAARSLAN', '46 rue des fabriques', '68200', 'MULHOUSE', '0033782610119', 'karaarslan.haci@gmail.com', ''),
(840, 16, 'Hazel', 'SARAR', '16 A rue de I\'egile', '68350', 'DIDENHEIM', '0033769890038', 'Hayati.sarar1@gmail.com', ''),
(842, 16, 'Melahat', 'BAS', '70 rue de la carite ', '68200', 'MULHOUSE', '0033782508326', 'Basmusa_@hotmail.com', ''),
(847, 10, 'Mikail ', 'Lacin ', '13 Rue Jean Prevost ', '38600', 'Fontaine ', '07 68 62 53 86 ', 'haci6338.gg@gmail.com', ''),
(860, 26, 'Ekrem', 'Günesci ', '25 avenue de Bretagne', '91170', 'Viry-Châtillon', '0033617826559', 'Gunesci.ekrem@gmail.com', ''),
(861, 26, 'Esra ', 'Günesci ', '24 avenue george sand', '91130', 'Ris-Orangis', '003364350726', 'Gunesci_esra@hotmail.fr', ''),
(862, 26, 'Levent ', 'Meydan ', '19 rue Camille Flammarion', '91260', 'Juvisy sur orge', '0033782464675', 'Lmeydan@hotmail.fr', ''),
(863, 26, 'Ümit', 'Meric', '', '', '', '0033 766693680', 'mericumit0@gmail.com', ''),
(865, 22, 'Bünyamin ', 'Malli ', '6 Rue duplessis de Grenedan', '56000 ', 'Vannes ', '0033 7 66 29 81 17 ', 'B.malli@live.fr', ''),
(866, 22, 'Mikail', 'Polat ', '11 Rue des Sirenes ', '56520', 'Guidel', '', '', ''),
(867, 22, 'Esin ', 'Baser ', '9 rue de Kergestin', '29000', 'Quimper ', '', '', ''),
(868, 22, 'Irfan', 'Topcuoglu', '1 Allee du pere Keralum ', '29000', 'Quimper ', '', '', ''),
(870, 13, 'Akif ', 'Saylan ', '26 rue du 14 Juillet', '69220', 'Belleville sur Saône', '0033 7 87 99 30 08', '', ''),
(871, 13, 'Hüseyin ', 'Gümüs ', ' 63 CHEMIN DES ROUSSES', '69400', 'Villefranche ', '0687944138', '', ''),
(875, 13, 'Ahmed ', 'Cosar ', '680 rue de belleroche', '69400', 'Villefranche sur Saône ', '0785968029', '', ''),
(876, 13, 'Muhammed', 'Mert', '', '', '', '0766646903', '', ''),
(877, 13, 'Vahittin', 'Cogalan', '18 rue des Fontenailles', '69220', 'BELLEVILLE EN BEAUJOLAIS', '0687638538', '', ''),
(878, 13, 'Mikail ', 'Rayman', '', '', '', '0768825862', '', ''),
(879, 13, 'Ibrahim', 'Gümüssü', '97 allée des vignes', '71850', 'Charnay les macon', '+33652251723', '', ''),
(880, 13, 'Fatih ', 'Talas', '', '', '', '0663449187', '', ''),
(881, 13, 'Cem ', 'Anlatici ', '', '', '', '0699558915', '', ''),
(883, 18, 'Zafer', 'Kılıç ', '15 Rue des Vanneaux', '45500', 'Gien ', '00 33 6 28 91 95 97', 'giengien45500@icloud.com', ''),
(884, 18, 'Habip ', 'Güçlü ', '08 rue henri ', '95170', 'DEUIL LA BARRE', '+33 7 53 11 99 59', 'Gucluhabip63@gmail.com', ''),
(885, 22, 'Özal', 'Celik ', '26 Rue eugene boudin', '56000', 'Vannes ', '0033 6 74 72 79 04', '', ''),
(888, 28, 'Hasan ', 'Delikbas ', '171 rue de la Republique ', '68500', 'Guebwiller ', '06 52 31 10 80 ', 'delikbashasan@gmail.com', ''),
(889, 28, 'Hüseyin ', 'Kizmaz', '15 rue de residence moulin ', '68350', 'Buhl ', '0033 6 49 35 07 ', 'kizmazhuseyin28@hotmail.fr', ''),
(890, 28, 'Bayram ', 'Delikbas ', '171 rue de la republique ', '68500', 'Guebwiller ', '06 64 25 72 81 ', 'Florivalfacade@gmail.com', ''),
(892, 28, 'Ali ', 'Can ', '3 chemin du Geistal ', '68530', 'Murbach', '06 38 26 64 09 ', 'can.ali68@gmail.com', ''),
(893, 28, 'Harun ', 'Akgun ', '1 rue George Sand', '67205', 'Oberhausbergen ', '06 12 20 81 57 ', 'hrn.kgn27@gmail.com', ''),
(894, 30, 'Serap ', 'Kurt', '4 Rue du Brabant ', '57070', 'Metz ', '0033 7 67 93 04 97 ', '', ''),
(895, 28, 'Davut ', 'Kocaoz ', '40 rue de Mulhouse ', '68310', 'Wittelsheim', '06 66 51 22 57 ', 'davutkocaoz@gmail.com', ''),
(899, 16, 'Hasan', 'DOGAN', '3b rue victor hugo', '68390', 'BALDERSHEIM', '0033678848808', 'hasandogan39@gmail.com', ''),
(900, 16, 'Vehbi', 'GULER', '143 Avenue roger salengro', '68100', 'MULHOUSE', '0033658180775', 'Zaimoglu.68@gmail.com', ''),
(902, 28, 'Otken', 'Himmet', '1 rue du Gsang', '68700', 'Aspach Michelbach', '06 88 05 90 39', 'himmet.otken@gmail.com', ''),
(903, 32, 'Bayram', 'Subasi ', 'les Cormorans rue des malouins bat B ', '13015', 'Marseille ', '06 64 57 77 78 ', '', ''),
(904, 32, 'Kus ', 'M Ziya', '76 Chemin des Bourrely ', '13015', 'Marseille ', '06 27 42 10 75', '', 'J58 La Graniere'),
(905, 32, 'Mustafa ', 'Genc', '4 Avenue jules Payot ', '13090', 'Aix en Provence', '06 20 34 27 14 ', '', 'ent 4 '),
(906, 32, 'Bumadyen ', 'Gungörmüs ', '47 rue d`Alexendrie ', '13015', 'Marseille ', '07 53 40 70 07 ', '', ''),
(907, 32, 'Yasar ', 'Genc ', '13 avenue Tubingen ', '13090 ', 'Aix en Provence', '07 82 63 93 67 ', '', ''),
(908, 32, 'Mesut ', 'Sayan', '18 rue Boisselot', '13014', 'Marseille ', '06 23 74 19 38 ', '', ''),
(909, 32, 'Sener ', 'Akbulut', '11 Avenue Henri Roure', '13016', 'Marseille ', '', '', 'La Castellane bat J12  15 EME'),
(912, 32, 'Musa ', 'Aktas', '27 Avenue de Roquefavour', '13015', 'Marseille ', '06 10 85 44 84 ', '', ''),
(917, 30, 'Murat ', 'Turan ', '404 Rue du Maine ', '57070', 'Metz / Borny ', '0033 7 49 42 09 23 ', '', ''),
(918, 20, 'Ümüs ', 'Turkyilmaz', '66 rue de Vireville ', '38550 ', 'Peage de Roussillon', '', '', ''),
(920, 33, 'Cetin ', 'Ertürk', '6 rue andre hallays ', '84000', 'Avignon', '06 18 78 57 36', 'erturkcetin84@gmail.com', ''),
(922, 13, 'Ekrem', 'Deniz', '152 rue  Frédéric mistral', '71000', 'Macon', '0630928520', '', 'Logt 16'),
(924, 12, 'ARSLAN', 'AKARSU', '3 Impasse des Aubépines', '38280', ' Villette-d\'Anthon', '0624426911', '', ''),
(925, 33, 'Osman ', 'Aylar ', '18 rue jean Villar ', '30290', 'Laudun l`Ardoise ', '0033 6 11 12 00 10 ', 'amgmaconnerie84@gmail.com', ''),
(926, 33, 'Ahmet ', 'Ekinci ', '275 Avenue du 11 Novembre 1918', '84310', 'Morieres les Avignon', '06 26 02 47 35', 'ekinciahmet@msn.com', ''),
(927, 33, 'Uzeyir ', 'Bektas ', '3 place du viguier ', '84000 ', 'Avignon', '06 60 73 0456', 'uzeyirbektas@hotmail.fr ', ''),
(928, 13, 'Önder', 'Duran ', ' 3 place du mars 1962', '71570', 'st symphorien d\'ancelles', '0673632280', '', ''),
(930, 13, 'Faruk', 'Tanrıverdi', '54 lotissement le clos meziat ', '71570', 'Chapelle-de-Guinchay', '0670961428', '', ''),
(932, 13, 'Okan', 'Hıdıroğlu', '438 route de chaveyriat', '01660', 'Mezeriat', '0688708883', '', ''),
(937, 13, 'Metin', 'Tuna ', '188 chemin du bois d\'allier ', '71850', ' Charnay-lès-Mâcon', '', '', ''),
(939, 12, 'MUHAMMED', 'KAYNARCA', '33 Rue Claude Bochard', '42300 ', 'Roanne', '', '', ''),
(940, 13, 'Vakif Dergi', 'Macon', '', '', 'Macon', '', '', ''),
(941, 13, 'Cengiz', 'Tuna', '7 rue de la Grange d\'en Haut', '71000', 'Sancé', '0621048316', '', ''),
(942, 13, 'Yasin', 'Parlak', '2 rue pillet', '71000', 'Macon', '+33622350181', '', ''),
(944, 21, 'COLAK', 'ISBAZ', '113 route d\'oberhausbergen', '67200', 'strasbourg', '06 75 55 54 49', 'isbaz.elif@hotmail.com', ''),
(945, 13, 'Havva', 'Yıldız ', '33 avenue Édouard Herriot', '71000', 'Macon', '0783181741', '', ''),
(947, 12, 'AHMET', 'NAS', '', '', '', '+33781688730', '', ''),
(948, 3, 'Yavuz', 'Yilmaz ', '23 A route de Brumath ', '67800', 'Bischheim', '0033 6 52 15 67 29 ', 'Kelkitli_29@hotmail.fr', ''),
(949, 3, 'Rasit ', 'Cakir', '3 place d`irlande ', '54500', 'Vandoeuvre les nancy ', '', '', ''),
(951, 18, 'Hasan', 'Tanrıkulu ', ' 17 allée TissotBâtiment 17 porte 95 ', '92240', 'Malakoff', '+33 7 81 42 92 34', 'hasantanrikulu63@gmail.com', ''),
(952, 26, 'Karaman', 'Selehattin ', '', '', '', '0033 781999163', 'karamanselahattin082@gmail.com', ''),
(954, 12, 'DAOUD', 'TEKELI', '9 Rue de la Baume', '42160 ', 'Andrézieux-Bouthéon', '0668899740', 'davud42@hotmail.fr', ''),
(956, 18, 'Sevim Betül ', 'Sunel', '2 Rue Pierre Louys,', '75016', 'Paris ', '0033642849737', 'sevimbetul@gmail.com', ''),
(957, 3, 'Rauf', 'Agca', '10 rue des ecoles ', '67110', 'Niederbronn', '0033 782784811', 'Ra.uf@hotmail.fr', ''),
(958, 14, 'Türker', 'Balkaya', '93 bis rue Arthur chevalier ', '93600', 'Aulnay sous Bois ', '+33788497891', 'turkerb@live.fr', ''),
(959, 11, 'Ismail', 'Ucan ', '117 Rue Pierre Chaumeil ', '19100', 'Brive-la-Gaillarde', '07 82 14 88 19', '', ''),
(960, 26, 'Isa ', 'Kaya', '44 Rue de l\'Essonne', '91000', '', '0033 769283802', 'esetogluyusufefe@gmail.com', ''),
(961, 18, 'Atalay', 'Şeker', '24 rue Ravel ', '95140', 'Garages les gonesse ', '00 33 665545658', 'fisani@gmail.com', ''),
(962, 27, 'Bordeaux', 'Vakif Dergi ', 'Bordeaux ', '', '', '', 'assosacab@gmail.com', ''),
(963, 30, 'tulay', 'caliskan', '20 rue André Pastant', '54350', 'MONT SAINT MARTIN', '+33628171967', '', ''),
(965, 1, 'Ilyas', 'Yilmaz', '12 rue du Sel', '67560', 'Rosheim', '0787631762', 'Yilmaz.ilyas@hotmail.fr', ''),
(966, 12, 'mikail', 'mutlu', '20 Rue Thimonnier', '42100 ', 'Saint-Étienne', '0033760790842', 'mutlu.m@hotmail.fr', ''),
(967, 20, 'Ismail ', 'Arslan', '', '', '', '', '', ''),
(968, 32, 'İsmail ', 'Bahar', '52 Jourdan prolonge Saint Barthélemy 3 bat G 1', '13014', 'Marseille ', '0033695820953', 'amisos2009@hotmail.fr', ''),
(969, 24, 'Cluses Vakif Dergi ', 'Cluses Vakif Dergi ', '', '', 'Cluses ', '', '', ''),
(971, 20, 'Senay ', 'Çelik ', '', '', '', '', '', ''),
(973, 1, 'Ali', 'Demir', '7c Rue du petit rempart ', '67230', 'Benfeld', '0033664955355', '', ''),
(974, 26, 'Yüksel ', 'Aras ', '', '', '', '', '', ''),
(975, 26, 'Faruk', 'Erdem', '7 Rue des érables ', '91100', 'Corbeil-Essonnes ', '07 83 80 49 58', 'Farukerdem91100@gmail.com', ''),
(976, 30, 'suleyman', 'yildirim', '7 rue coneille agrippa', '57140', 'woippy', '0033642531875', '', ''),
(977, 18, 'Ahmet ', 'Köse ', '', '', '', '0033781308416', 'sercanserdar125@gmail.com', ''),
(979, 27, 'Emin', 'Köken', '16 allee de la hontasse ', '33440', ' ambares et lagrave', '07 83 89 66 40', 'eminkoken03@gmail.com', ''),
(980, 27, 'Serkan', 'Köroğlu', '7 allée Concorde apt 102  ', '33700', 'Mérignac', '06 98 28 13 83', 'contact33scb@gmail.com', ''),
(981, 27, 'Tagi', 'Sarıtaş', '43 bis rue Georges vitrac ', '33310', ' lormont', '06 13 43 18 75', 'Karagurbet1@hotmail.fr', ''),
(982, 27, 'Gurbet', 'Gönen', '98 rue pascal lafargue apt 38 ', '33300', 'Bordeaux ', '0619725779', 'Gonengurbet33@gmail.com', ''),
(983, 27, 'Mevlüt', 'Konuk', '14 rue Francois Boulière  Résidence Clos de coss P', '33560', 'Sainte eulalie', '06 95 92 23 03', 'Gomubat33@gmail.com', ''),
(986, 11, 'Zulfukar ', 'Akkus', '57 avenue de Beaubreuil', '87280', 'Limoges', '0768699875', 'akkuszulfukar87@icloud.com', ''),
(987, 8, 'Sezer', 'Ozkaya', '9 rue des chardonnerets', '88300', 'Neufchateau', '0786472529', 'Sezer.ozkaya3@gmail.com', ''),
(988, 8, 'Sedat', 'Taşbunar', '10 allee des oeillets', '54500', 'Vandoeuvre-les-Nancy', '0623773571', 'Tasbunars@gmail.com', ''),
(989, 16, 'Samet', 'ELIACIK', '14 rue de sochaux', '68200', 'MULHOUSE', '0033753617601', 'eliacik.smt@gmail.com', ''),
(990, 12, 'omer', 'ongul', '60 rue benoit frachon ', '42500', 'le chambon-feugerolles ', '0672697353', 'omer_du_42@hotmail.fr', ''),
(991, 12, 'Yasin', 'Mutlu', '19 ruede la république', '42150', 'La ricamarie', '0767754352', 'mutluyasin42@gmail.com', ''),
(992, 16, 'Aynur', 'DOGAN', '3 rue edouard branly', '39200', 'SAINT-CLAUDE', '0033603124670', 'doganaynur83@gmail.com', ''),
(993, 14, 'Hatice', 'KOSE', '38 place des lupins ', '78955', 'Carriéres Sous poissy', '0749735941', '', ''),
(994, 14, 'İlayda', 'Doğan ', '70 route de paris residence de la butte no 34 ', '76240', 'BONSECOUR', '0652565348', '', ''),
(995, 8, 'Metin', 'Örs', '17 rue des grands moulins', '88000', 'Epinal', '0760111207', 'Oyennaxsemerkand@gmail.com', ''),
(997, 14, 'Muhammed', 'Yerlikaya', '24 rue docteur laennec', '76650', 'Petit couronne', '0789862424', '', ''),
(998, 14, 'Bünyamin', 'Özdemir', '4 rue russelshiem apt 501', '27000', 'Evreux', '0680146287', '', ''),
(999, 16, 'Ahmed', 'METIN', '8 rue de la verdure', '68260', 'KINGERSHEIM', '0033627916974', 'ahmedmetin27@gmail.com', ''),
(1000, 14, 'Aysun', 'Kestek', '8 Alee claude monet le petit Quevily ', '76140', 'Petit Quevily', '0652892584', '', ''),
(1002, 21, 'Erdinc', 'Elmahti', '22 rue kepler ', '67200', 'Strasbourg ', '0769549708', 'elmahti29@mail.ru', ''),
(1003, 16, 'Abdullah', 'AYDOGAN', '18 rue de reiningue', '68460', 'LUTTERBACH', '0033614970260', 'aydoganabdullah.66@gmail.com', ''),
(1004, 18, 'Aktaş ', 'Numan', '7 rue des Mûriers ', '95140', 'Garges les Gonesse', '+33 7 69 43 95 93', 'numan55talha@gmail.com', ''),
(1005, 18, 'Ümit kaya', 'Çakar', '16 place george Guyunemer', '95200', 'Sarcelles', '00 33 6 58 30 68 76', 'ümitkayacakar@gmail.com', ''),
(1006, 18, 'Ömer Faruk ', 'Tahtaci ', '39 A Rue pasteur', '91280', 'Saint Pierre du perray', '00 33 6 49 57 58 21', 'tahtacim@gmail.com', ''),
(1007, 18, 'Adnan', 'Korkmaz', '6 Avenue hortensiasg', '95550', 'Garges les gonesse ', '00 33 6 52 49 24 45', 'adnankorkmaz95@hotmail.com', ''),
(1009, 12, 'NURDAN', 'DEMIREL/YILMAZER', '7 Rue du 11 Novembre 1918', '38150', ' Salaise-sur-Sann', '0625814613', '', ''),
(1010, 12, 'SAS Happy Trading', 'SAS Happy Trading', '13 impasse d\'Auvergne ', '69800', 'Saint-Priest', '0662735142', '', ''),
(1011, 3, 'Selman', 'Başak', '41 rue Paul Weiss', '67240', 'Bischwiller', '0781369576', '', ''),
(1012, 11, 'Dursun', 'Cakir', '34 rue sony labou tansi', '87280', 'Limoges', '0675345304', 'dursuncakir86@icloud.com', ''),
(1013, 12, 'MEHMET ALI', 'ARICI', '19 RUE JULES VEDRINES ', '69500', 'BRON', '0651918661', 'aricimali1525@gmail.com', ''),
(1014, 18, 'Yasin', 'Sakal', '10 Allée Saint Saëns', '95149', 'Garges-lès-Gonesse', '00 33 7 81 99 65 15', 'yasin.sakal95@gmail.com', ''),
(1015, 18, 'Zaynah ', 'Serin', '1 square des pépinières', '93800', 'Epinay sur seıne', '00 33 6 30 91 42 74', 'serinzaynah@outlook.fr', ''),
(1016, 18, 'Esma', 'Karaman', '43 rue des carrieres ', '93800', 'Epinay sur seine', '0033783931162', 'esmakrmn06@icloud.com', ''),
(1017, 16, 'mutahhari', 'CALIK', '69 rue de strasbourg', '68200', 'MULHOUSE', '0033749619114', 'mutahharic@gmail.com', ''),
(1018, 16, 'mucahit', 'AYGUN', '3 rue du 20 janvier', '68200', 'MULHOUSE', '0033783389257', 'mucahit_@hotmail.fr', ''),
(1019, 12, 'ISMAIL', 'KENEK', '', '', '', '0646726492', '', ''),
(1020, 12, 'HALIS TUNA', 'ERDOGAN', '', '', '', '0782573656', '', ''),
(1021, 18, 'Kıvanç', 'Gürbüz ', '15 ALLÉE GABRIEL ZIRNHELT', '93110', 'ROSNY SOUS BOIS', '00 33 6 19 64 66 38', 'kivanegurbuz@hotmail.fr', ''),
(1022, 18, 'Cihad', 'Sezer', '4 avenue alain colas', '91280', 'Saint pierre du perray', '00 33 7 49 65 81 19', 'cihadsezer@hotmail.com', ''),
(1023, 18, 'Arslan', 'Ebubekir ', '10 rue andre hache', '77660', 'Saint jean les deux jumeaux', '+33 7 58 71 42 51', 'affaire @my.com', ''),
(1024, 18, 'İskender', 'Ocak', '10 rue des champs de la ville', '45500', 'Gien', '00 33 6 37 61 60 81', 'iskender629@hotmail.fr', ''),
(1025, 18, 'İsmail', 'Ünal', '6 rue gaston coute', '95190', 'goussainville', '00 33 6 95 76 87 43', 'unl23@outlook.fr', ''),
(1026, 18, 'Zülküf ', 'Ünal', '6 rue gaston coute', '95190', 'Goussainville', '00 33 6 52 66 85 40', 'zulkufunal1235@yahoo.com', ''),
(1027, 8, 'Fatih', 'Erturan', '5 rue des halles', '88300', 'Neufchateau', '0682837851', 'Placostyle@hotmail.fr', ''),
(1029, 14, 'Hamza', 'Karataş', '15 rue de pissefontain ', '78570', 'Chanteloup les vignes', '0768730403', '', ''),
(1030, 8, 'Hakan', 'Pala', '138 rue du hatro', '88300', 'Neufchateau', '0634646479', 'hakan.p@hotmail.fr', ''),
(1031, 18, 'Yusuf ', 'Ayhan', '35 allée de bouvines', '93320', 'LES PAVILLONS SOUS BOIS', '00 33 6 15 23 10 78', 'Cyril.ayhan@gmail.com', ''),
(1032, 18, 'Ebuzeyd ', 'Gerin ', '105 Avenue de la République', '93800', 'Epinay sur seine ', '+33 7 69 73 97 85', 'ebuzeydbuhara@gmail.com', ''),
(1033, 18, 'Ömer ', 'Duman ', '14 rue honoré de balzac ', '95140', 'Garges les gonesse ', '+33 783237791', 'duman.omer135@gmail.com', ''),
(1034, 18, 'Muhammet ', 'Çimen ', '22 place georges pompidou', '93160', 'noisy le grand', '00 33 751111560', 'muhammedcimen@hotmail.fr', ''),
(1035, 18, 'Cemile', 'Yılmaz ', '', '', '', '00 33 7 67 44 11 70', 'ass.anatolie95@gmail.com', ''),
(1036, 18, 'Nurulayn', 'Gerin ', '105 Av Republique', '93800', 'Epinay sur seine ', '0033651827949', 'mehmet.gerin@hotmail.fr', ''),
(1037, 21, 'Sami', 'Buyukalkan', '10 rue des tiriailleurs batiment auvergne-logt 106', '88100', 'SSAINT DIE DES VOSGES', '0783285615', 'alka-net@hotmail.fr', ''),
(1038, 14, 'Göktaş', 'Bahar', '590 rue du 11 novembre petit couronne', '76650', 'Rouen', '0627782612', '', ''),
(1039, 14, 'Brunet', 'Jonathan', '15 route de pierrefitte', '41300', 'Salbris', '0617400414', 'Kerem2408@live.fr', ''),
(1040, 14, 'Zeynep', 'Kestek', '', '', '', '0652892584', '', ''),
(1041, 15, 'Mehmet', 'CEYLAN', '', '41000', 'Blois', '06 69 11 16 50', 'meht.ceylan@gmail.com', ''),
(1042, 15, 'Songul', 'ZENGIN', '1 impasse Jeanne lanvin ', '41500', 'Mer', '0762256881', 'songulzengin41.sz@gmail.com', ''),
(1043, 15, 'Jennifer', 'INCI', '2 Clos de Lanneray ', '41500', 'Mer', '07 81 81 30 10', 'jennifer_fuat@hotmail.fr', ''),
(1044, 15, 'Lokman', 'AKAR', '61 rue Dumond d\'urville', '41000', 'Blois', '07 83 68 82 83', 'lokmanakar@outlook.fr', ''),
(1045, 15, 'MATTHIEU', 'Naim Allain', '6 allée Rosa bonheur', '41350', 'St Gervais la Forêt', '07 70 03 73 76', 'matthieuallain@laposte.net', ''),
(1046, 15, 'MARTIN', 'Yusuf', '31 rue Maréchal Foch', '37270', 'Montlouis sur Loire', '06 51 79 19 18', 'm.simonts@gmail.com', ''),
(1047, 15, 'ARHAB', 'Daoud', '7 place nungesser et coli ', '41000', 'Blois', '06 52 75 17 17', 'abouyacine41@hotmail.fr', ''),
(1048, 15, 'MARAKBI', 'Reda', '12 rue Fénelon', '41000', 'Blois', '06 95 99 54 52', 'reda.marakbi@gmail.com', ''),
(1049, 15, 'AMRIOUEN', 'Adil', '18 rue alexandre parodi', '41000', 'Blois', '07 66 55 60 63', 'adil.amr41@gmail.com', ''),
(1050, 15, 'BOUDOUASSAL', 'Salim', '457 rue des Ormeaux', '41100', 'Vendôme', '07 72 43 56 71', 'salimboudouassal@gmail.com', ''),
(1051, 15, 'CHABBI', 'Marwane', '3 rue de l’orléanais ', '41100', 'Vendôme', '06 64 71 49 79', 'marwane.chabbi@gmail.com', ''),
(1052, 9, 'Eyyub', 'Dikbaş', '67 rue principale', '57510', 'loupershouse', '+33636528934', '', ''),
(1053, 8, 'Gregory', 'Breniere', '121 rue du bois coupot', '88220', 'Xertigny', '0616630062', 'Greg.breniere@hotmail.fr', ''),
(1054, 14, 'Deniz', 'Demir', '33 route de houdan ', '78711', 'Mantes la ville', '0783139555', '', ''),
(1055, 31, 'Aysegül ', 'Gündüz', '12 bd jean bouin no. 13 ', '34500', 'Beziers', '0033614223910', 'aysegulgun@hotmail.com', ''),
(1056, 26, 'Ömer', 'Dursun', '11 parc du petit bourg', '91000', 'Evry', '', '', ''),
(1058, 24, 'Abdulbaki', 'ÖZKILINC', '', '', '', '0033624594954', 'baki_74300@hotmail.fr', ''),
(1059, 24, 'Abdulmelik', 'KAYGIN', '', '', '', '0033621134935', 'abdulmelik.74000@gmail.com', ''),
(1060, 14, 'Meşe', 'Ömer', '', '', '', '', '', ''),
(1061, 20, 'Muhammed ', 'Baykara ', '18 rue du terraly', '26140', 'Saint Rambert ', '0033608210387', 'mbaykara912@gmail.com', ''),
(1063, 9, 'abdurrahman', 'cirit', '67 rue principale', '57510 ', 'Loupershouse ', '+33645591709', 'ciritabdu@gmail.com', ''),
(1064, 9, 'Ahmet ', 'ataman', '23 grand rue', '57510 ', 'St Jean Rohrbach', '', '', ''),
(1065, 25, 'saliha', 'Soylu', '20 avenue jean-jaurés ', '88100', 'Saint die des vosges', '0617634804', 'soylum42@hotmail.fr', ''),
(1066, 9, 'serhat', 'yildirim', '', '', '', '', '', ''),
(1067, 18, 'Muhammed ', 'Ocak', '28 boulevard de la Liberté', '62950', 'Noyelles-Godault', '00 33 6 25 37 40 95', 'ocakmuhammet@gmail.com', ''),
(1068, 18, 'Eda', 'Ayyıldız ', '3 routes de La bussière', '45500', 'Gien', '00 33 6 14 87 31 41', 'Hiranureda@icloud.com', ''),
(1069, 18, 'Ömer', 'Ayyıldız ', '3 routes de La bussière', '45500', 'Gien', '00 33 652586319', 'ayyildizz.oomer@gmail.com', ''),
(1070, 18, 'Dabre ', 'Abdullah Nicolas ', '5 allée des chardonnerets', '78260', 'Acheres', '00 33 662409729', 'Nicolas.dabre@yahoo.fr', ''),
(1071, 12, 'Emre ', 'Karabay', '', '', '', '0607080255', '', ''),
(1072, 3, 'Emre', 'Simsek', '4b rue des émailleries  ', '67800', 'Hoenheim', '07 83 88 23 52', 'ssmk67@hotmail.fr', ''),
(1073, 31, 'Arda ', 'Kartal', '4 Rue Saint Barbe ', '34290', 'Servian', '0033625585952', 'ilhank505@gmail.com', ''),
(1074, 1, 'Ikbal', 'Cetiner', '47B Grand\'Rue', '67140', 'BARR', '0033673634693', '', ''),
(1075, 14, 'Emsal', 'Şimşek ', '4 rue christine de pizan appartement 204', '27000', 'Evreux', '0605914452', 'emsal29@hotmail.fr', ''),
(1076, 16, 'Fatih', 'DOGAN', '32b rue gabriel plancon', '25000', 'BESANCON', '0033768755144', 'dogan.fatih@hotmail.fr', ''),
(1077, 25, 'mehmet ali ', 'aydogdu', '56 rue emile klufts lgt 979 ', '88100', 'FRANCE', '0749698805', 'm-ali.aydo@hotmail.com', ''),
(1079, 21, 'ali', 'baker', '', '', '', '', '', ''),
(1080, 21, 'ALLAHVERDI', 'DURNA', '12 RUE DE L\'ALTKIRCH', '67110', 'REİCHSHOFFEN', '0672666846', 'A.durna@hotmail.fr', ''),
(1081, 21, 'yann', 'wolf', '30 rue d\'eymoutiers', '67110', 'niederbronn', '0627916701', 'yann.wolf8@orange.fr', ''),
(1084, 16, 'Hulya', 'BULUT', '50 rue lieutenant Jean de loisy', '68100', 'MULHOUSE', '0033695247144', 'hulya2868@hotmail.com', ''),
(1085, 16, 'Fevziye', 'CINAR', '3 rue de la pervenche', '68200', 'MULHOUSE', '0033624081369', '', ''),
(1086, 11, 'Adile', 'Duyar', '32 rue des sagnes', '87280', 'Limoges', '00 33 6 05 65 69 96', '', ''),
(1087, 16, 'Erdem', 'Cekici', '1 rue des flandres', '68100', 'MULHOUSE', '0033603310161', 'erdemcekici681@gmail.com', ''),
(1088, 26, 'Servet', 'Yilmaz', '33 Rue de l\'église', '77310', 'Boissise le roi', '07 88 42 39 24', 'Servet45.sy@gmail.com', ''),
(1089, 21, 'Gokhan', 'Yapici', '6 rue saglio ', '67100', 'Strasbourg ', '07 49 53 50 20', 'yasin025@gmail.com', ''),
(1090, 30, 'mustafa', 'cilce', '20 rue de gascogne', '57070', 'metz', '0033678725005', 'mustafa57070@hotmail.fr', ''),
(1091, 30, 'saadet', 'deger', '9 rue des longues raies', '57070', 'metz', '0033751613892', 'degersaadet68@gmail.com', ''),
(1092, 14, 'Resul', 'Özdemir', '14 Rue Joliot Curie appt 617', '27000', 'Evreux', '0695912738', 'resulozdemir@live.fr', ''),
(1093, 20, 'Muhammed Rasit ', 'Arslan ', '44 rue Boos pilon', '38550', 'Peage de Roussillon', '06 69 34 70 10', 'ali.aslan@hotmail.fr', ''),
(1094, 21, 'HACER', 'YAPICI', '29 route de hausbergen ', '67300', 'SCHİLTİGHAİM ', '07 58 38 62 57', 'yahacery@hotmail.com', ''),
(1095, 21, 'ASIYE', 'YAPICI', '5 cour du grand duc ', '67550', 'VENDENHEIM ', '06 37 50 51 06', 'Asiyee.yapici@hotmail.fr', ''),
(1096, 21, 'SEMANUR', 'CEYLAN', '4 B place du general du goulle ', '67570', 'ROTHAU', '06 15 84 73 63 ', 'dialogue@hotmail.fr', ''),
(1097, 21, 'MERVE', 'ALTINDAS', '7 rue des dunsons', '67800', 'BISCHHEIM', '06 46 16 13 16 ', 'merve.alt67@gmail.com', ''),
(1098, 21, 'EMINE', 'YAPICI', '6 rue jean monnet ', '67300', 'SCHILTIGHEIM', '05 51 14 68 18', 'eltaso@yahoo.com', ''),
(1099, 21, 'HATICE', 'YILDIZ', '6 rue de bourgagne', '67540', 'OSWALD', '06 74 80 78 51 ', 'bayrakhatice@hotmail.fr', ''),
(1100, 18, 'Asadullah ', 'Darıo', '7 résidence de la petite mauldre', '78650', 'Beynes', '00 33 607315045', 'LDario@protonmail.com', ''),
(1101, 14, 'Hasret', 'Celik', '12 rue des pleiades ', '78130', 'Mureaux', '0769865980', '', ''),
(1102, 12, 'Oktay Selim ', 'Albayrak', '2 avenue Georges pompidou', '69330', 'Jonage', '0033778693442', 'Albayrak.ok@gmail.com', ''),
(1103, 1, 'Adem ', 'Yazmis ', '26 rue du Duc Ferry Trois', '88110', 'Raon L\'Etape', '0649812583', 'trabzon61@laposte.net', ''),
(1105, 21, 'Ibrahim', 'Yapici ', '29 rue emile haag', '67800', 'BIscheim', '07 81 25 43 81', 'ibrahim.yapici.rd@gmail.com', ''),
(1106, 14, 'Semir', 'İljazi', '4 rue de clavisiz ', '94380', 'Bonneuil-sur -marne', '0667927209', '', ''),
(1107, 14, 'Salih Emin', 'Olgun', '6 avenue Charles Gounod ', '76380', 'Canteleu', '0695069440', '', ''),
(1108, 34, 'Mehmet Nuri', 'Yesiltas', '13 Residence croix saint simon', '45500', 'Gien', '0033643350876', '', ''),
(1109, 31, 'Hamza ', 'Alici', '21 rue de bastit ', '34500', 'Beziers', '0033643901650', 'Hamza556643@gmail.com', ''),
(1110, 31, 'Necmi ', 'Erdoğan ', '7 rue guy boniface', '34500', 'Beziers', '0033770496506', 'Necmi.erdogan@outlook.fr', ''),
(1111, 34, 'Ozan', 'Yaman', '15 rue des geraniums', '45500', 'Gien', '0033601258041', '', ''),
(1112, 34, 'Serdar ', 'Yazici', '5 Rue Jean hure', '45500', 'Gien', '0033660279411', '', ''),
(1113, 34, 'Ilyas', 'Narman', 'Lieu dit la metairie neuve porte 6 ', '45500', 'Gien', '0033765208559', '', ''),
(1114, 15, 'Ahmet', 'Köse', '53 rue Roger Salengro BAT A', '45120', 'Chalette sur Loing', '0781308416', 'smahmetkose@gmail.com', ''),
(1115, 15, 'Said', 'Nouid', '35 rue Paul Besnard', '41200', 'Romorantin Lanthenay', '0769311241', 'nouidsaid41@gmail.com', ''),
(1116, 27, 'Muammer', 'Eren', '1ALLE DES PINS APT 11 RES BIDAOS ', '33160 ', ' ST AUBIN  DE MEDOC', '0645922926', 'sobtp.eren@icloud.com', ''),
(1117, 10, 'Wahob', 'Ochilov', '2 Rue Hector Berlioz ', '38800', 'Pont de Claix', '0033699980061', 'ochilov.wahob@gmail.com', ''),
(1118, 34, 'Adil Fatih', 'Ayyildiz', '9 impasse de la levrerie', '45500', 'Gien', '0033780618981', '', ''),
(1119, 34, 'Ömer', 'Ayyildiz', '3 route de la bussiere ', '45500', 'Gien', '0033652586319', '', ''),
(1120, 34, 'Skender', 'Ocak', '10 rue des champs de la ville', '45500', 'Gien', '0033637616081', '', ''),
(1121, 34, 'Adem', 'Aydin', '9 impasse de la levrrerie', '45500', 'Gien', '0033663064797', '', ''),
(1122, 34, 'Nurettin', 'Narman', 'Lieu dit la metairie neuve ', '45500', 'Gien', '0033765208559', '', 'porte 6 '),
(1123, 34, 'Oguz', 'Yaman', '15 rue des geraniums', '45500', 'Gien', '0033601258041', '', ''),
(1124, 34, 'Betül', 'Koc', '31 avenue Jean Villejean', '45500', 'Gien', '0033768911148', '', ''),
(1125, 10, 'Komila', 'Himmetova', '2. Rue Hector Berlioz ', '38800', 'Le Pont de Claix', '06 99 98 00 61', '', ''),
(1126, 10, 'Toybibi', 'Nematov', '2. Rue Hector Berlioz', '38800', 'Le Pont de Claix', '06 99 98 00 61', '', ''),
(1127, 10, 'Rizvon', 'Baqoev', '2. Rue Hector Berlioz', '38800', 'Le Pont de Claix', '06 99 98 00 61', '', ''),
(1128, 10, 'Sodiq', 'Mirzaeva', '2. Rue Hector Berlioz', '38800', 'Le Pont de Claix', '0033 6 43 73 42 85', '', ''),
(1129, 10, 'Sharifa', 'Mirzaeva', '', '38800', 'Le Pont de Claix', '06 43 73 42 85', '', ''),
(1130, 10, 'Shafoat', 'Mirzaeva', '2. Rue Hector Berlioz', '38800', 'Le Pont de Claix', '06 43 73 42 85', '', ''),
(1131, 10, 'Shoira', 'Mirzaeva', '2. Rue Hector Berlioz', '38800', 'Le Pont de Claix', '06 43 73 42 85', '', ''),
(1132, 10, 'Norjon', 'Jöraeva', '2. Rue Hector Berlioz', '38800', 'Le Pont de Claix', '06 43 73 42 85', '', ''),
(1133, 10, 'Shabiya', 'Narzieva', '2. Rue Hector Berlioz', '38800', 'Le Pont de Claix', '06 43 73 42 85', '', ''),
(1134, 10, 'Hayrettin', 'Kurt', '2. Rue Hector Berlioz', '38800', 'Le Pont de Claix', '06 41 85 75 75', '', ''),
(1135, 10, 'Turkan', 'Kurt', '2. Rue Hector Berlioz', '38800', 'Le Pont de Claix', '06 41 85 75 75', '', ''),
(1136, 21, 'Hakan', 'Fidan', '55 place petrarque ', '67200', 'Strasbourg', '+33605031001', '', ''),
(1137, 34, 'Muhsin', 'Aktas', '54 rue des champs de la ville', '45500', 'Gien', '0033 624067309', '', ''),
(1138, 34, 'Bilal', 'Kilic', '22 rue Colette ', '45500', 'Gien ', '0033 687643853', '', ''),
(1139, 34, 'Oguzhan', 'Kuzu', '2 rue des begonias', '45500', 'Gien', '0033 751695721', '', ''),
(1140, 34, 'Mehmet', 'Atakol', '1 rue collette Sidonie', '34750', 'Villeneuve-lès-Maguelone', '0033 671263508', '', ''),
(1141, 15, 'TOMS', 'SAYASANE', '27 rue de l\'hôtel de Ville', '33710', 'Pugnac', '06 14 32 32 36', 'taiman45@hotmail.fr', ''),
(1142, 15, 'Fabien', 'KISZKO', '42bis rue de la poterie', '45110', 'Châteauneuf sur Loire', '0672759642', 'kiszkofabien@yahoo.fr', 'Appartement 8'),
(1143, 14, 'İbrahim', 'Dosemetas', '20 rue de l\'eglise ', '78570', 'Andresy', '0634069053', '', ''),
(1144, 26, 'Cetin', 'Tasdemir', '04 Promenade pierre Maire Curie ', '77370 Nang', 'Nangis ', '01 83 52 91 06', 'Cetin.tasdemir77@gmail.com ', ''),
(1146, 27, 'Resul', 'Özden', '20 passage carriet  ', '33310', 'Lormont ', '', 'assosacab@gmail.com', ''),
(1147, 12, 'Islam', 'Guney', '61 rue des martyres de la residence', '69200', 'Venissieux', '0695721069', 'islamcloclo@hotmail.fr', ''),
(1148, 14, 'Semahat', 'Karataş', '2 rue de la pépinière', '78510', 'Triel sur seine', '', '', ''),
(1149, 22, 'Ibrahim', 'Öztas', '2 residence Henri Dunant', '560000', 'Vannes', '0033 695626382', '', ''),
(1150, 21, 'Omer', 'Arici', '60 rue martin schongauer', '67200', 'Strasbourg ', '06 10 43 02 11', 'omerarici@live.fr', ''),
(1151, 25, 'ahmet ', 'arici ', '39 rue jean francois pelet ', '88100', 'saint die des vosges ', '0651520926', 'ahmet-arici88@hotmail.com', ''),
(1152, 18, 'Fuat', 'Kocaman', '86 boulevard Charles de Gaulle ', '93380', 'Pierrefitte-sur-Seine', '+33 695509963', 'Fuatkocaman32@gmail.com', ''),
(1153, 14, 'Cihan', 'Meşe', '30 rue du commandant bouchet', '78200', 'Mantes la jolie', '0783067158', '', ''),
(1154, 16, 'Cemil yusuf', 'Knecht', '25 rue des navettes', '68390', 'Sausheim', '0033607447807', 'Phk3@wanadoo.fr', ''),
(1155, 31, 'Ekrem', 'Deniz', '4 impasse Saibt Mathieu', '34420', 'Vileneuve les Beziers', '0033 767327772', 'Ekremdeniz66@gmail.com', ''),
(1156, 26, 'Kenza', 'Gold', '14 boulevard chanzy', '93190', 'livry-gargan', '0033 787078665', 'tahtacicihan@gmail.com', ''),
(1157, 18, 'Sumeyra', 'Dosemetas', '20 rue de l’eglise', '78570', 'Andrésy', '0767464807', 'sumeyrasumeysah@gmail.com', ''),
(1158, 18, 'Ahmet', 'Guıllot', '46 Avenue deBoıs Saint Denis', '93420', 'Villepient', '+33 6 33 81 22 64', 'ahmedo93@icloud.com', ''),
(1159, 18, 'Yunus ', 'Kahraman ', '17 Rue watteau', '62000', 'ARRAS', '+33 6 05 20 78 79', 'kahramanyunus1984@icloud.com', ''),
(1160, 18, 'Halil', 'Sabuncu', '20 rue honore de balzac app 2 ', '62000', 'ARRAS', '00 33 7 66 04 16 67', 'ass.anatolie95@gmail.com', ''),
(1161, 18, 'Mehmet ', 'Tozlu', '14 résidence de la villeparc', '78310', 'MAUREPAS', '00 33 7 83 65 27 71', 'paldirdone@gmail.com', ''),
(1163, 26, 'Emre', 'Sungur', '28 rue jules ferry ', '91260', ' juvisy sur orge', '0033769935497', 'e.sungur@laposte.net', ''),
(1165, 26, 'Merve', 'Günesci ', '47 Rue G.Anthonioz de Gaulle', '91200', 'Anthonioz', '0624720450', 'omer.gunesci@gmail.com', ''),
(1166, 3, 'Egitim', 'Mihmandar', '48 rue de la gare', '67240', 'Bischwiller', '0671417705', '', ''),
(1167, 18, 'Sadettin ', 'Çar', '11 rue des sablons', '91310', 'Linas', '00 33 6 16 41 64 58', 'assiyasaad@hotmail.com', ''),
(1168, 21, 'Ayse', 'Soylemez', '9 rue simone veil ', '67210', 'obernai', '06 49 37 56 05', 'a-soylemez@hotmail.fr', ''),
(1169, 21, 'emine', 'unaldi', '12 rue des alouettes', '67380', 'lingolsheim', '06 76 43 64 16 ', '', ''),
(1170, 21, 'mehmet', 'yuce', '5 allee des sapins', '67560', 'rosheim', '06 45 30 70 80', '', ''),
(1171, 21, 'mehmet ali', 'demirhan', '5 rue national', '67760', 'gamshaim', '06 58 63 01 55 ', '', ''),
(1172, 18, 'Rümeysa', 'Birgül', '', '95200', 'Sarcelles', '+33 767288859', 'bb@cabinetk.fr', '6 Place du Docteur Guerin  '),
(1173, 18, 'Hatice', 'Durmuş ', '', '95350', 'Saint Brice sous foret', '+33 615847669', 'contact@pratix.paris', '41 avenue du général de gaulle '),
(1174, 18, 'Ebrar', 'Durmuş ', '', '95350', 'Saint brice sous foret', '00 33 6 24 23 35 41', 'contact@pratix.paris', '41 avenue du général de gaulle '),
(1175, 21, 'avni', 'celik', '3 rue d\'upsal', '67000', 'strasbourg', '0762913458', 'avni7celik@gmail.com', ''),
(1176, 10, 'Alanya', 'Laçin ', '2 rue blanc fontaine ', '38000', 'Grenoble ', '+33 7 68 62 53 86 ', 'haci6338.gg@gmail.com', '');

-- --------------------------------------------------------

--
-- Structure de la table `subscription`
--

CREATE TABLE `subscription` (
  `id` int(11) NOT NULL,
  `suscriber_id` int(11) NOT NULL,
  `product_id` int(11) NOT NULL,
  `start_date` date NOT NULL,
  `state` varchar(255) COLLATE utf8mb4_unicode_ci NOT NULL,
  `renew` tinyint(1) NOT NULL
) ENGINE=InnoDB DEFAULT CHARSET=utf8mb4 COLLATE=utf8mb4_unicode_ci;

--
-- Déchargement des données de la table `subscription`
--

INSERT INTO `subscription` (`id`, `suscriber_id`, `product_id`, `start_date`, `state`, `renew`) VALUES
(11, 16, 1, '2022-01-01', 'yenilecek2', 0),
(13, 20, 1, '2022-01-01', 'yenilecek2', 0),
(20, 41, 1, '2022-01-01', 'yenilecek2', 0),
(43, 83, 1, '2022-01-01', 'yenilecek2', 0),
(48, 93, 1, '2022-01-01', 'yenilecek2', 0),
(49, 98, 1, '2022-01-01', 'yenilecek2', 0),
(53, 104, 1, '2022-01-01', 'yenilecek2', 0),
(56, 108, 1, '2022-01-01', 'yenilecek2', 0),
(62, 119, 1, '2022-01-01', 'yenilecek2', 0),
(64, 124, 1, '2022-01-01', 'yenilecek2', 0),
(65, 125, 1, '2022-01-01', 'yenilecek2', 0),
(66, 126, 1, '2022-01-01', 'yenilecek2', 0),
(67, 131, 1, '2022-01-01', 'yenilecek2', 0),
(68, 133, 1, '2022-01-01', 'yenilecek2', 0),
(69, 137, 1, '2022-01-01', 'yenilecek2', 0),
(73, 142, 1, '2022-01-01', 'yenilecek2', 0),
(75, 157, 1, '2022-01-01', 'yenilecek2', 0),
(110, 222, 1, '2021-12-01', 'yenilecek1', 0),
(127, 248, 1, '2022-01-01', 'yenilecek2', 0),
(128, 249, 1, '2022-01-01', 'yenilecek2', 0),
(130, 251, 1, '2022-01-01', 'yenilecek2', 0),
(131, 252, 1, '2022-01-01', 'yenilecek2', 0),
(137, 258, 1, '2022-01-01', 'yenilecek2', 1),
(139, 260, 1, '2022-01-01', 'yenilecek2', 0),
(140, 262, 1, '2022-01-01', 'yenilecek2', 1),
(143, 265, 1, '2022-01-01', 'yenilecek2', 1),
(149, 274, 1, '2022-01-01', 'yenilecek2', 0),
(150, 275, 1, '2022-01-01', 'yenilecek2', 0),
(153, 282, 1, '2022-01-01', 'yenilecek2', 0),
(157, 287, 1, '2022-01-01', 'yenilecek2', 0),
(160, 290, 1, '2022-01-01', 'yenilecek2', 0),
(167, 297, 1, '2022-01-01', 'yenilecek2', 0),
(168, 299, 1, '2022-01-01', 'yenilecek2', 1),
(169, 300, 1, '2022-01-01', 'yenilecek2', 0),
(170, 302, 1, '2022-01-01', 'yenilecek2', 0),
(171, 304, 1, '2022-01-01', 'yenilecek2', 0),
(172, 305, 1, '2022-01-01', 'yenilecek2', 0),
(175, 313, 1, '2022-01-01', 'yenilecek2', 0),
(176, 314, 1, '2022-01-01', 'yenilecek2', 0),
(179, 319, 1, '2022-01-01', 'yenilecek2', 0),
(181, 322, 1, '2022-01-01', 'yenilecek2', 1),
(186, 332, 1, '2022-01-01', 'yenilecek2', 0),
(190, 339, 1, '2022-01-01', 'yenilecek2', 0),
(191, 341, 1, '2022-01-01', 'yenilecek2', 0),
(193, 348, 1, '2022-01-01', 'yenilecek2', 0),
(194, 349, 1, '2022-01-01', 'yenilecek2', 0),
(196, 351, 1, '2022-01-01', 'yenilecek2', 0),
(199, 355, 1, '2022-01-01', 'yenilecek2', 0),
(205, 363, 1, '2022-01-01', 'yenilecek2', 0),
(261, 16, 2, '2022-01-01', 'yenilecek2', 0),
(289, 93, 2, '2022-01-01', 'yenilecek2', 0),
(297, 121, 2, '2022-01-01', 'yenilecek2', 0),
(298, 131, 2, '2022-01-01', 'yenilecek2', 0),
(299, 137, 2, '2022-01-01', 'yenilecek2', 0),
(312, 192, 2, '2022-01-01', 'yenilecek2', 0),
(315, 196, 2, '2022-01-01', 'yenilecek2', 0),
(322, 222, 2, '2021-12-01', 'yenilecek1', 0),
(327, 260, 2, '2022-01-01', 'yenilecek2', 0),
(334, 276, 2, '2022-01-01', 'yenilecek2', 0),
(335, 277, 2, '2022-01-01', 'yenilecek2', 0),
(338, 282, 2, '2022-01-01', 'yenilecek2', 0),
(339, 283, 2, '2022-01-01', 'yenilecek2', 0),
(340, 284, 2, '2022-01-01', 'yenilecek2', 0),
(345, 297, 2, '2022-01-01', 'yenilecek2', 0),
(346, 298, 2, '2022-01-01', 'yenilecek2', 0),
(347, 299, 2, '2022-01-01', 'yenilecek2', 1),
(348, 301, 2, '2022-01-01', 'yenilecek2', 0),
(350, 308, 2, '2022-01-01', 'yenilecek2', 0),
(353, 316, 2, '2022-01-01', 'yenilecek2', 0),
(354, 317, 2, '2022-01-01', 'yenilecek2', 0),
(363, 336, 2, '2022-01-01', 'yenilecek2', 0),
(367, 345, 2, '2022-01-01', 'yenilecek2', 0),
(368, 346, 2, '2022-01-01', 'yenilecek2', 0),
(369, 347, 2, '2022-01-01', 'yenilecek2', 0),
(398, 121, 3, '2022-01-01', 'yenilecek2', 0),
(399, 155, 3, '2022-01-01', 'yenilecek2', 0),
(409, 222, 3, '2021-12-01', 'yenilecek1', 0),
(417, 274, 3, '2022-01-01', 'yenilecek2', 0),
(418, 276, 3, '2022-01-01', 'yenilecek2', 0),
(424, 334, 3, '2022-01-01', 'yenilecek2', 0),
(468, 93, 4, '2022-01-01', 'yenilecek2', 0),
(472, 118, 4, '2022-01-01', 'yenilecek2', 0),
(480, 197, 4, '2022-01-01', 'yenilecek2', 0),
(487, 222, 4, '2021-12-01', 'yenilecek1', 0),
(515, 16, 5, '2022-01-01', 'yenilecek2', 0),
(521, 33, 5, '2022-01-01', 'yenilecek2', 0),
(526, 44, 5, '2022-01-01', 'yenilecek2', 0),
(532, 61, 5, '2022-01-01', 'yenilecek2', 0),
(535, 66, 5, '2022-01-01', 'yenilecek2', 0),
(539, 75, 5, '2022-01-01', 'yenilecek2', 0),
(543, 93, 5, '2022-01-01', 'yenilecek2', 0),
(544, 122, 5, '2022-01-01', 'yenilecek2', 0),
(551, 133, 5, '2022-01-01', 'yenilecek2', 0),
(555, 137, 5, '2022-01-01', 'yenilecek2', 0),
(558, 145, 5, '2022-01-01', 'yenilecek2', 0),
(561, 149, 5, '2022-01-01', 'yenilecek2', 0),
(562, 150, 5, '2022-01-01', 'yenilecek2', 0),
(563, 583, 5, '2022-01-01', 'yenilecek2', 0),
(564, 154, 5, '2022-01-01', 'yenilecek2', 0),
(565, 155, 5, '2022-01-01', 'yenilecek2', 0),
(586, 222, 5, '2021-12-01', 'yenilecek1', 0),
(596, 270, 5, '2022-01-01', 'yenilecek2', 0),
(597, 274, 5, '2022-01-01', 'yenilecek2', 0),
(599, 277, 5, '2022-01-01', 'yenilecek2', 0),
(605, 298, 5, '2022-01-01', 'yenilecek2', 0),
(607, 304, 5, '2022-01-01', 'yenilecek2', 1),
(608, 309, 5, '2022-01-01', 'yenilecek2', 0),
(610, 328, 5, '2022-01-01', 'yenilecek2', 0),
(612, 332, 5, '2022-01-01', 'yenilecek2', 0),
(616, 344, 5, '2022-01-01', 'yenilecek2', 0),
(619, 353, 5, '2021-12-01', 'yenilecek1', 0),
(669, 104, 7, '2022-01-01', 'yenilecek2', 0),
(674, 222, 7, '2021-12-01', 'yenilecek1', 0),
(675, 268, 7, '2022-01-01', 'yenilecek2', 0),
(692, 371, 1, '2022-01-01', 'yenilecek2', 0),
(693, 373, 1, '2022-01-01', 'yenilecek2', 0),
(696, 377, 1, '2022-01-01', 'yenilecek2', 0),
(700, 385, 1, '2022-11-01', 'aktif', 0),
(702, 387, 1, '2022-01-01', 'yenilecek2', 0),
(703, 390, 1, '2022-01-01', 'yenilecek2', 0),
(708, 377, 2, '2022-01-01', 'yenilecek2', 0),
(711, 387, 2, '2022-01-01', 'yenilecek2', 0),
(717, 389, 3, '2022-01-01', 'yenilecek2', 0),
(736, 405, 5, '2021-10-01', 'askida', 1),
(747, 136, 5, '2022-01-01', 'yenilecek2', 0),
(749, 409, 1, '2022-01-01', 'yenilecek2', 0),
(750, 411, 1, '2022-01-01', 'yenilecek2', 0),
(758, 417, 5, '2022-01-01', 'yenilecek2', 0),
(763, 419, 2, '2022-01-01', 'yenilecek2', 0),
(766, 422, 2, '2021-12-01', 'yenilecek1', 0),
(767, 224, 5, '2022-01-01', 'yenilecek2', 0),
(781, 226, 5, '2021-12-01', 'yenilecek1', 0),
(783, 425, 2, '2022-01-01', 'yenilecek2', 0),
(784, 425, 3, '2022-01-01', 'yenilecek2', 0),
(786, 568, 5, '2022-01-01', 'yenilecek2', 0),
(789, 208, 3, '2021-12-01', 'yenilecek1', 0),
(790, 230, 1, '2022-01-01', 'yenilecek2', 0),
(797, 134, 4, '2022-01-01', 'yenilecek2', 0),
(801, 46, 1, '2022-01-01', 'yenilecek2', 0),
(804, 143, 2, '2022-01-01', 'yenilecek2', 0),
(806, 231, 1, '2022-01-01', 'yenilecek2', 0),
(811, 215, 3, '2022-01-01', 'yenilecek2', 0),
(812, 215, 5, '2022-01-01', 'yenilecek2', 0),
(813, 434, 1, '2022-01-01', 'yenilecek2', 0),
(814, 435, 5, '2022-01-01', 'yenilecek2', 0),
(815, 216, 5, '2022-01-01', 'yenilecek2', 0),
(817, 437, 1, '2022-01-01', 'yenilecek2', 0),
(819, 437, 5, '2022-01-01', 'yenilecek2', 0),
(820, 437, 4, '2022-01-01', 'yenilecek2', 0),
(821, 438, 1, '2022-01-01', 'yenilecek2', 0),
(822, 438, 2, '2022-01-01', 'yenilecek2', 0),
(824, 440, 2, '2022-01-01', 'yenilecek2', 0),
(826, 441, 2, '2022-01-01', 'yenilecek2', 0),
(827, 441, 5, '2022-01-01', 'yenilecek2', 0),
(828, 442, 1, '2022-01-01', 'yenilecek2', 0),
(832, 446, 2, '2022-01-01', 'yenilecek2', 0),
(833, 447, 1, '2022-01-01', 'yenilecek2', 0),
(834, 447, 2, '2022-01-01', 'yenilecek2', 0),
(835, 448, 1, '2021-12-01', 'yenilecek1', 1),
(836, 448, 2, '2021-12-01', 'yenilecek1', 1),
(837, 449, 4, '2022-01-01', 'yenilecek2', 0),
(838, 54, 1, '2022-01-01', 'yenilecek2', 0),
(839, 54, 2, '2022-01-01', 'yenilecek2', 0),
(849, 450, 2, '2021-12-01', 'yenilecek1', 0),
(850, 450, 1, '2021-12-01', 'yenilecek1', 0),
(851, 451, 2, '2021-12-01', 'yenilecek1', 0),
(852, 452, 1, '2021-12-01', 'yenilecek1', 1),
(854, 452, 2, '2021-12-01', 'yenilecek1', 1),
(855, 453, 1, '2022-01-01', 'yenilecek2', 0),
(856, 454, 1, '2022-01-01', 'yenilecek2', 0),
(857, 455, 2, '2021-12-01', 'yenilecek1', 0),
(859, 456, 1, '2021-12-01', 'yenilecek1', 0),
(860, 457, 1, '2021-12-01', 'yenilecek1', 0),
(861, 457, 2, '2021-12-01', 'yenilecek1', 0),
(862, 458, 1, '2021-12-01', 'yenilecek1', 1),
(863, 459, 1, '2022-01-01', 'yenilecek2', 0),
(864, 460, 1, '2022-01-01', 'yenilecek2', 0),
(866, 462, 1, '2022-01-01', 'yenilecek2', 0),
(867, 462, 2, '2022-01-01', 'yenilecek2', 0),
(868, 463, 1, '2021-12-01', 'yenilecek1', 0),
(869, 15, 5, '2022-01-01', 'yenilecek2', 0),
(870, 225, 5, '2022-01-01', 'yenilecek2', 0),
(871, 175, 1, '2022-01-01', 'yenilecek2', 0),
(873, 178, 1, '2022-01-01', 'yenilecek2', 0),
(876, 176, 1, '2022-01-01', 'yenilecek2', 0),
(877, 173, 2, '2022-01-01', 'yenilecek2', 0),
(880, 214, 1, '2022-01-01', 'yenilecek2', 0),
(882, 214, 5, '2022-01-01', 'yenilecek2', 0),
(883, 464, 1, '2022-01-01', 'yenilecek2', 0),
(884, 165, 1, '2022-01-01', 'yenilecek2', 0),
(889, 467, 1, '2022-01-01', 'yenilecek2', 0),
(893, 164, 1, '2022-01-01', 'yenilecek2', 0),
(903, 184, 1, '2022-01-01', 'yenilecek2', 0),
(904, 184, 2, '2022-01-01', 'yenilecek2', 0),
(905, 186, 1, '2022-01-01', 'yenilecek2', 0),
(910, 189, 1, '2022-01-01', 'yenilecek2', 0),
(914, 59, 1, '2022-01-01', 'yenilecek2', 0),
(918, 93, 3, '2022-01-01', 'yenilecek2', 0),
(924, 475, 1, '2022-01-01', 'yenilecek2', 0),
(926, 20, 2, '2022-01-01', 'yenilecek2', 0),
(933, 364, 1, '2022-01-01', 'yenilecek2', 0),
(935, 481, 5, '2022-01-01', 'yenilecek2', 0),
(942, 202, 2, '2022-01-01', 'yenilecek2', 0),
(944, 202, 5, '2022-01-01', 'yenilecek2', 0),
(948, 210, 1, '2022-01-01', 'yenilecek2', 0),
(949, 210, 2, '2022-01-01', 'yenilecek2', 0),
(950, 211, 1, '2022-01-01', 'yenilecek2', 0),
(951, 218, 5, '2022-01-01', 'yenilecek2', 0),
(954, 149, 2, '2022-01-01', 'yenilecek2', 0),
(955, 156, 1, '2022-01-01', 'yenilecek2', 0),
(958, 483, 1, '2022-01-01', 'yenilecek2', 0),
(964, 486, 2, '2022-01-01', 'yenilecek2', 0),
(967, 261, 3, '2022-01-01', 'yenilecek2', 0),
(968, 294, 1, '2022-01-01', 'yenilecek2', 0),
(969, 294, 2, '2022-01-01', 'yenilecek2', 0),
(970, 294, 4, '2022-01-01', 'yenilecek2', 0),
(971, 294, 5, '2022-01-01', 'yenilecek2', 0),
(973, 488, 4, '2022-01-01', 'yenilecek2', 0),
(974, 488, 3, '2022-01-01', 'yenilecek2', 0),
(976, 490, 2, '2022-01-01', 'yenilecek2', 0),
(979, 292, 3, '2022-01-01', 'yenilecek2', 0),
(980, 493, 2, '2022-01-01', 'yenilecek2', 0),
(981, 493, 5, '2022-01-01', 'yenilecek2', 0),
(993, 325, 1, '2022-01-01', 'yenilecek2', 0),
(994, 325, 2, '2022-01-01', 'yenilecek2', 0),
(1000, 487, 1, '2020-01-01', 'aktif', 1),
(1003, 271, 1, '2022-01-01', 'yenilecek2', 0),
(1005, 278, 1, '2022-01-01', 'yenilecek2', 0),
(1006, 278, 2, '2022-01-01', 'yenilecek2', 0),
(1009, 280, 5, '2022-01-01', 'yenilecek2', 0),
(1011, 311, 2, '2022-01-01', 'yenilecek2', 0),
(1013, 98, 5, '2022-01-01', 'yenilecek2', 0),
(1014, 389, 1, '2022-01-01', 'yenilecek2', 0),
(1017, 112, 5, '2022-01-01', 'yenilecek2', 0),
(1018, 113, 5, '2022-01-01', 'yenilecek2', 0),
(1021, 494, 5, '2022-01-01', 'yenilecek2', 0),
(1023, 200, 5, '2022-01-01', 'yenilecek2', 0),
(1035, 2, 1, '2022-01-01', 'yenilecek2', 0),
(1036, 9, 2, '2022-01-01', 'yenilecek2', 0),
(1037, 11, 1, '2022-01-01', 'yenilecek2', 0),
(1045, 233, 1, '2022-01-01', 'yenilecek2', 0),
(1051, 245, 1, '2022-01-01', 'yenilecek2', 0),
(1057, 496, 1, '2022-01-01', 'yenilecek2', 0),
(1058, 497, 1, '2022-01-01', 'yenilecek2', 0),
(1060, 498, 1, '2022-01-01', 'yenilecek2', 0),
(1061, 280, 1, '2022-01-01', 'yenilecek2', 0),
(1062, 499, 1, '2022-01-01', 'yenilecek2', 0),
(1063, 500, 4, '2022-01-01', 'yenilecek2', 0),
(1064, 501, 1, '2022-01-01', 'yenilecek2', 0),
(1066, 501, 5, '2022-01-01', 'yenilecek2', 0),
(1073, 504, 2, '2022-01-01', 'yenilecek2', 0),
(1074, 505, 1, '2022-01-01', 'yenilecek2', 0),
(1075, 275, 2, '2022-01-01', 'yenilecek2', 0),
(1076, 506, 7, '2022-01-01', 'yenilecek2', 0),
(1077, 507, 1, '2022-01-01', 'yenilecek2', 0),
(1082, 511, 2, '2022-01-01', 'yenilecek2', 0),
(1083, 338, 1, '2022-01-01', 'yenilecek2', 0),
(1085, 513, 1, '2021-03-01', 'aktif', 1),
(1086, 514, 1, '2021-03-01', 'etkinsiz', 0),
(1098, 510, 8, '2022-01-01', 'yenilecek2', 0),
(1099, 509, 8, '2021-02-01', 'aktif', 1),
(1103, 200, 14, '2022-01-01', 'yenilecek2', 0),
(1108, 130, 8, '2022-01-01', 'yenilecek2', 0),
(1112, 216, 8, '2022-01-01', 'yenilecek2', 0),
(1114, 220, 9, '2022-01-01', 'yenilecek2', 0),
(1115, 220, 8, '2022-01-01', 'yenilecek2', 0),
(1123, 146, 8, '2022-01-01', 'yenilecek2', 0),
(1124, 150, 8, '2022-01-01', 'yenilecek2', 0),
(1125, 154, 10, '2022-01-01', 'yenilecek2', 0),
(1130, 200, 8, '2022-01-01', 'yenilecek2', 0),
(1131, 33, 9, '2022-01-01', 'yenilecek2', 0),
(1132, 33, 8, '2022-01-01', 'yenilecek2', 0),
(1139, 75, 9, '2022-01-01', 'yenilecek2', 0),
(1140, 74, 10, '2022-01-01', 'yenilecek2', 0),
(1141, 74, 11, '2022-01-01', 'yenilecek2', 0),
(1142, 74, 9, '2022-01-01', 'yenilecek2', 0),
(1144, 73, 11, '2022-01-01', 'yenilecek2', 0),
(1145, 68, 11, '2022-01-01', 'yenilecek2', 0),
(1146, 68, 9, '2022-01-01', 'yenilecek2', 0),
(1147, 68, 8, '2022-01-01', 'yenilecek2', 0),
(1148, 67, 12, '2022-01-01', 'yenilecek2', 0),
(1150, 67, 11, '2022-01-01', 'yenilecek2', 0),
(1151, 67, 9, '2022-01-01', 'yenilecek2', 0),
(1153, 62, 8, '2022-01-01', 'yenilecek2', 0),
(1158, 58, 8, '2022-01-01', 'yenilecek2', 0),
(1159, 90, 8, '2022-01-01', 'yenilecek2', 0),
(1160, 89, 8, '2022-01-01', 'yenilecek2', 0),
(1161, 88, 8, '2022-01-01', 'yenilecek2', 0),
(1163, 28, 8, '2022-01-01', 'yenilecek2', 0),
(1166, 29, 8, '2022-01-01', 'yenilecek2', 0),
(1167, 166, 8, '2022-01-01', 'yenilecek2', 0),
(1169, 465, 8, '2022-01-01', 'yenilecek2', 0),
(1174, 51, 8, '2022-01-01', 'yenilecek2', 0),
(1179, 572, 8, '2022-01-01', 'yenilecek2', 0),
(1182, 335, 8, '2022-01-01', 'yenilecek2', 0),
(1187, 270, 8, '2022-01-01', 'yenilecek2', 0),
(1190, 420, 8, '2022-01-01', 'yenilecek2', 0),
(1219, 67, 8, '2021-01-01', 'aktif', 1),
(1235, 75, 8, '2021-01-01', 'aktif', 1),
(1236, 74, 8, '2021-01-01', 'aktif', 1),
(1363, 520, 8, '2022-01-01', 'yenilecek2', 0),
(1366, 523, 9, '2022-01-01', 'yenilecek2', 0),
(1367, 523, 8, '2022-01-01', 'yenilecek2', 0),
(1371, 528, 9, '2022-01-01', 'yenilecek2', 0),
(1372, 528, 8, '2022-01-01', 'yenilecek2', 0),
(1373, 530, 9, '2022-01-01', 'yenilecek2', 0),
(1375, 532, 8, '2022-01-01', 'yenilecek2', 0),
(1376, 533, 8, '2022-01-01', 'yenilecek2', 0),
(1380, 537, 8, '2022-01-01', 'yenilecek2', 0),
(1385, 542, 9, '2022-01-01', 'yenilecek2', 0),
(1391, 545, 8, '2022-01-01', 'yenilecek2', 0),
(1394, 551, 8, '2022-01-01', 'yenilecek2', 0),
(1396, 553, 8, '2022-01-01', 'yenilecek2', 0),
(1397, 554, 8, '2022-01-01', 'yenilecek2', 0),
(1398, 555, 8, '2022-01-01', 'yenilecek2', 0),
(1399, 556, 8, '2022-01-01', 'yenilecek2', 0),
(1400, 557, 8, '2022-01-01', 'yenilecek2', 0),
(1401, 558, 9, '2022-01-01', 'yenilecek2', 0),
(1406, 563, 8, '2022-01-01', 'yenilecek2', 0),
(1407, 564, 8, '2022-01-01', 'yenilecek2', 0),
(1408, 565, 9, '2022-01-01', 'yenilecek2', 0),
(1412, 568, 8, '2022-01-01', 'yenilecek2', 0),
(1415, 572, 10, '2022-01-01', 'yenilecek2', 0),
(1417, 574, 8, '2022-01-01', 'yenilecek2', 0),
(1418, 575, 10, '2022-01-01', 'yenilecek2', 0),
(1423, 580, 8, '2022-01-01', 'yenilecek2', 0),
(1424, 581, 8, '2022-01-01', 'yenilecek2', 0),
(1425, 582, 8, '2022-01-01', 'yenilecek2', 0),
(1426, 583, 8, '2022-01-01', 'yenilecek2', 0),
(1430, 587, 8, '2022-01-01', 'yenilecek2', 0),
(1431, 588, 11, '2022-01-01', 'yenilecek2', 0),
(1432, 588, 9, '2022-01-01', 'yenilecek2', 0),
(1433, 588, 8, '2022-01-01', 'yenilecek2', 0),
(1439, 596, 9, '2022-01-01', 'yenilecek2', 0),
(1440, 596, 8, '2022-01-01', 'yenilecek2', 0),
(1442, 598, 8, '2022-01-01', 'yenilecek2', 0),
(1444, 601, 8, '2022-01-01', 'yenilecek2', 0),
(1445, 602, 9, '2022-01-01', 'yenilecek2', 0),
(1446, 602, 8, '2022-01-01', 'yenilecek2', 0),
(1448, 605, 9, '2022-01-01', 'yenilecek2', 0),
(1449, 605, 8, '2022-01-01', 'yenilecek2', 0),
(1450, 607, 8, '2022-01-01', 'yenilecek2', 0),
(1463, 620, 8, '2022-01-01', 'yenilecek2', 0),
(1465, 622, 8, '2022-01-01', 'yenilecek2', 0),
(1471, 628, 8, '2022-01-01', 'yenilecek2', 0),
(1472, 628, 9, '2022-01-01', 'yenilecek2', 0),
(1476, 633, 8, '2022-01-01', 'yenilecek2', 0),
(1481, 638, 12, '2022-01-01', 'yenilecek2', 0),
(1482, 638, 11, '2022-01-01', 'yenilecek2', 0),
(1483, 638, 10, '2022-01-01', 'yenilecek2', 0),
(1484, 638, 9, '2022-01-01', 'yenilecek2', 0),
(1485, 642, 8, '2022-01-01', 'yenilecek2', 0),
(1486, 643, 9, '2021-03-01', 'etkinsiz', 0),
(1487, 643, 8, '2022-01-01', 'yenilecek2', 0),
(1495, 652, 8, '2022-01-01', 'yenilecek2', 0),
(1501, 658, 8, '2022-01-01', 'yenilecek2', 0),
(1503, 660, 8, '2022-01-01', 'yenilecek2', 0),
(1504, 661, 9, '2022-01-01', 'yenilecek2', 0),
(1507, 664, 9, '2022-01-01', 'yenilecek2', 0),
(1508, 664, 8, '2022-01-01', 'yenilecek2', 0),
(1514, 670, 8, '2021-04-01', 'aktif', 1),
(1515, 672, 8, '2022-01-01', 'yenilecek2', 0),
(1516, 673, 9, '2022-01-01', 'yenilecek2', 0),
(1518, 675, 8, '2022-01-01', 'yenilecek2', 0),
(1524, 681, 8, '2022-01-01', 'yenilecek2', 0),
(1533, 690, 9, '2022-01-01', 'yenilecek2', 0),
(1534, 114, 8, '2022-01-01', 'yenilecek2', 0),
(1542, 350, 5, '2021-12-01', 'yenilecek1', 0),
(1549, 666, 2, '2022-01-01', 'yenilecek2', 0),
(1550, 666, 3, '2022-01-01', 'yenilecek2', 0),
(1551, 657, 2, '2022-01-01', 'yenilecek2', 0),
(1552, 699, 5, '2022-01-01', 'yenilecek2', 0),
(1553, 163, 1, '2022-01-01', 'yenilecek2', 0),
(1554, 700, 5, '2022-01-01', 'yenilecek2', 0),
(1557, 702, 1, '2022-01-01', 'yenilecek2', 0),
(1558, 703, 2, '2022-01-01', 'yenilecek2', 0),
(1559, 703, 5, '2022-01-01', 'yenilecek2', 0),
(1560, 704, 4, '2022-01-01', 'yenilecek2', 0),
(1562, 706, 5, '2022-01-01', 'yenilecek2', 0),
(1563, 707, 1, '2022-01-01', 'yenilecek2', 0),
(1564, 708, 5, '2022-01-01', 'yenilecek2', 0),
(1565, 709, 2, '2022-01-01', 'yenilecek2', 0),
(1566, 710, 4, '2022-01-01', 'yenilecek2', 0),
(1567, 711, 2, '2022-01-01', 'yenilecek2', 0),
(1570, 212, 5, '2022-01-01', 'yenilecek2', 0),
(1573, 217, 2, '2022-01-01', 'yenilecek2', 0),
(1576, 235, 6, '2022-01-01', 'yenilecek2', 0),
(1579, 714, 5, '2022-01-01', 'yenilecek2', 0),
(1580, 715, 3, '2022-01-01', 'yenilecek2', 0),
(1584, 59, 4, '2022-01-01', 'yenilecek2', 0),
(1590, 718, 1, '2022-01-01', 'yenilecek2', 0),
(1592, 720, 8, '2022-01-01', 'yenilecek2', 0),
(1593, 721, 8, '2022-01-01', 'yenilecek2', 0),
(1594, 70, 8, '2022-01-01', 'yenilecek2', 0),
(1595, 90, 5, '2022-01-01', 'yenilecek2', 0),
(1596, 638, 8, '2022-01-01', 'yenilecek2', 0),
(1597, 648, 2, '2022-01-01', 'yenilecek2', 0),
(1598, 648, 1, '2022-01-01', 'yenilecek2', 0),
(1599, 656, 9, '2022-01-01', 'yenilecek2', 0),
(1601, 66, 8, '2022-01-01', 'yenilecek2', 0),
(1603, 80, 8, '2022-01-01', 'yenilecek2', 0),
(1606, 84, 1, '2022-01-01', 'yenilecek2', 0),
(1607, 84, 9, '2022-01-01', 'yenilecek2', 0),
(1616, 724, 2, '2022-01-01', 'yenilecek2', 0),
(1618, 725, 8, '2022-01-01', 'yenilecek2', 0),
(1619, 726, 1, '2022-01-01', 'yenilecek2', 0),
(1624, 730, 3, '2022-01-01', 'yenilecek2', 0),
(1626, 732, 2, '2022-01-01', 'yenilecek2', 0),
(1634, 733, 5, '2022-01-01', 'yenilecek2', 0),
(1636, 295, 8, '2022-01-01', 'yenilecek2', 0),
(1637, 264, 1, '2022-01-01', 'yenilecek2', 0),
(1638, 333, 1, '2022-01-01', 'yenilecek2', 1),
(1639, 333, 2, '2022-01-01', 'yenilecek2', 1),
(1640, 333, 3, '2022-01-01', 'yenilecek2', 1),
(1641, 333, 4, '2022-01-01', 'yenilecek2', 1),
(1642, 333, 7, '2022-01-01', 'yenilecek2', 1),
(1643, 333, 5, '2022-01-01', 'yenilecek2', 1),
(1647, 736, 8, '2022-01-01', 'yenilecek2', 0),
(1648, 738, 3, '2022-01-01', 'yenilecek2', 0),
(1649, 268, 1, '2022-01-01', 'yenilecek2', 0),
(1652, 740, 8, '2022-01-01', 'yenilecek2', 0),
(1654, 4, 1, '2022-01-01', 'yenilecek2', 0),
(1656, 7, 1, '2022-01-01', 'yenilecek2', 0),
(1657, 7, 2, '2022-01-01', 'yenilecek2', 0),
(1659, 7, 5, '2022-01-01', 'yenilecek2', 0),
(1660, 742, 1, '2022-01-01', 'yenilecek2', 0),
(1662, 743, 5, '2022-01-01', 'yenilecek2', 0),
(1668, 746, 1, '2022-01-01', 'yenilecek2', 0),
(1673, 12, 8, '2022-01-01', 'yenilecek2', 0),
(1674, 13, 10, '2022-01-01', 'yenilecek2', 0),
(1676, 653, 9, '2022-01-01', 'yenilecek2', 0),
(1677, 653, 10, '2022-01-01', 'yenilecek2', 0),
(1678, 6, 8, '2022-01-01', 'yenilecek2', 0),
(1679, 6, 4, '2022-01-01', 'yenilecek2', 0),
(1680, 749, 8, '2022-01-01', 'yenilecek2', 0),
(1681, 749, 9, '2022-01-01', 'yenilecek2', 0),
(1682, 750, 5, '2022-01-01', 'yenilecek2', 0),
(1683, 197, 2, '2022-01-01', 'yenilecek2', 0),
(1684, 283, 1, '2022-01-01', 'yenilecek2', 0),
(1685, 751, 5, '2022-01-01', 'yenilecek2', 0),
(1686, 498, 2, '2022-01-01', 'yenilecek2', 0),
(1688, 28, 5, '2022-01-01', 'yenilecek2', 0),
(1693, 412, 1, '2022-01-01', 'yenilecek2', 0),
(1695, 425, 1, '2022-01-01', 'yenilecek2', 0),
(1696, 215, 2, '2022-01-01', 'yenilecek2', 0),
(1708, 138, 8, '2022-01-01', 'yenilecek2', 0),
(1709, 503, 8, '2022-01-01', 'yenilecek2', 0),
(1711, 418, 1, '2022-01-01', 'yenilecek2', 0),
(1713, 754, 1, '2022-01-01', 'yenilecek2', 0),
(1715, 753, 1, '2022-01-01', 'yenilecek2', 0),
(1717, 437, 3, '2022-01-01', 'yenilecek2', 0),
(1718, 437, 2, '2022-01-01', 'yenilecek2', 0),
(1723, 444, 1, '2022-01-01', 'yenilecek2', 0),
(1724, 523, 4, '2022-01-01', 'yenilecek2', 0),
(1725, 543, 1, '2022-01-01', 'yenilecek2', 0),
(1726, 543, 2, '2022-01-01', 'yenilecek2', 0),
(1727, 756, 1, '2022-01-01', 'yenilecek2', 0),
(1728, 757, 1, '2022-01-01', 'yenilecek2', 0),
(1729, 88, 11, '2022-01-01', 'yenilecek2', 0),
(1730, 56, 1, '2022-01-01', 'yenilecek2', 0),
(1731, 56, 8, '2022-01-01', 'yenilecek2', 0),
(1732, 56, 9, '2022-01-01', 'yenilecek2', 0),
(1733, 56, 10, '2022-01-01', 'yenilecek2', 0),
(1734, 56, 11, '2022-01-01', 'yenilecek2', 0),
(1735, 663, 1, '2022-01-01', 'yenilecek2', 0),
(1740, 758, 9, '2022-01-01', 'yenilecek2', 0),
(1741, 759, 2, '2022-01-01', 'yenilecek2', 0),
(1742, 760, 8, '2022-01-01', 'yenilecek2', 0),
(1743, 762, 5, '2022-01-01', 'yenilecek2', 0),
(1744, 763, 8, '2022-01-01', 'yenilecek2', 0),
(1746, 764, 8, '2022-01-01', 'yenilecek2', 0),
(1750, 768, 1, '2022-01-01', 'yenilecek2', 0),
(1751, 769, 1, '2022-01-01', 'yenilecek2', 0),
(1752, 770, 1, '2022-01-01', 'yenilecek2', 0),
(1756, 534, 1, '2021-12-01', 'yenilecek1', 0),
(1758, 241, 1, '2022-01-01', 'yenilecek2', 0),
(1759, 417, 8, '2022-01-01', 'yenilecek2', 0),
(1767, 772, 7, '2022-01-01', 'yenilecek2', 0),
(1769, 482, 2, '2022-01-01', 'yenilecek2', 0),
(1771, 773, 2, '2022-01-01', 'yenilecek2', 0),
(1775, 263, 1, '2022-01-01', 'yenilecek2', 0),
(1777, 196, 5, '2022-01-01', 'yenilecek2', 0),
(1780, 184, 8, '2022-01-01', 'yenilecek2', 0),
(1781, 775, 2, '2022-01-01', 'yenilecek2', 0),
(1782, 197, 8, '2022-01-01', 'yenilecek2', 0),
(1784, 202, 8, '2022-01-01', 'yenilecek2', 0),
(1785, 198, 8, '2022-01-01', 'yenilecek2', 0),
(1788, 777, 1, '2022-01-01', 'yenilecek2', 0),
(1795, 740, 9, '2022-01-01', 'yenilecek2', 0),
(1797, 245, 5, '2022-01-01', 'yenilecek2', 0),
(1798, 245, 8, '2022-01-01', 'yenilecek2', 0),
(1799, 594, 2, '2022-01-01', 'yenilecek2', 0),
(1800, 424, 8, '2022-01-01', 'yenilecek2', 0),
(1801, 172, 1, '2022-01-01', 'yenilecek2', 0),
(1804, 465, 3, '2022-01-01', 'yenilecek2', 0),
(1805, 593, 8, '2022-01-01', 'yenilecek2', 0),
(1806, 593, 10, '2022-01-01', 'yenilecek2', 0),
(1807, 780, 1, '2022-01-01', 'yenilecek2', 0),
(1808, 781, 8, '2022-01-01', 'yenilecek2', 0),
(1809, 781, 3, '2022-01-01', 'yenilecek2', 0),
(1810, 782, 8, '2022-01-01', 'yenilecek2', 0),
(1811, 783, 1, '2022-01-01', 'yenilecek2', 0),
(1812, 784, 5, '2022-01-01', 'yenilecek2', 0),
(1813, 785, 2, '2022-01-01', 'yenilecek2', 0),
(1817, 786, 5, '2022-01-01', 'yenilecek2', 0),
(1819, 788, 1, '2022-01-01', 'yenilecek2', 1),
(1820, 789, 1, '2022-01-01', 'yenilecek2', 0),
(1822, 791, 1, '2022-01-01', 'yenilecek2', 0),
(1823, 792, 8, '2022-01-01', 'yenilecek2', 0),
(1824, 792, 3, '2022-01-01', 'yenilecek2', 0),
(1831, 17, 3, '2021-12-01', 'yenilecek1', 0),
(1833, 19, 1, '2022-01-01', 'yenilecek2', 0),
(1838, 800, 3, '2022-01-01', 'yenilecek2', 0),
(1842, 804, 9, '2022-01-01', 'yenilecek2', 0),
(1843, 805, 5, '2022-01-01', 'yenilecek2', 0),
(1844, 805, 8, '2022-01-01', 'yenilecek2', 0),
(1846, 807, 5, '2022-01-01', 'yenilecek2', 0),
(1853, 174, 8, '2022-01-01', 'yenilecek2', 0),
(1861, 153, 1, '2022-01-01', 'yenilecek2', 0),
(1863, 146, 9, '2022-01-01', 'yenilecek2', 0),
(1864, 149, 1, '2022-01-01', 'yenilecek2', 0),
(1867, 356, 1, '2022-01-01', 'yenilecek2', 0),
(1868, 541, 1, '2022-01-01', 'yenilecek2', 0),
(1869, 618, 1, '2022-01-01', 'yenilecek2', 0),
(1871, 814, 5, '2022-01-01', 'yenilecek2', 0),
(1872, 815, 8, '2022-01-01', 'yenilecek2', 0),
(1874, 817, 8, '2022-01-01', 'yenilecek2', 0),
(1876, 819, 8, '2022-01-01', 'yenilecek2', 0),
(1878, 820, 2, '2022-01-01', 'yenilecek2', 0),
(1880, 822, 8, '2022-01-01', 'yenilecek2', 0),
(1882, 779, 8, '2022-01-01', 'yenilecek2', 0),
(1883, 779, 5, '2022-01-01', 'yenilecek2', 0),
(1884, 824, 8, '2022-01-01', 'yenilecek2', 0),
(1885, 825, 8, '2022-01-01', 'yenilecek2', 0),
(1888, 828, 8, '2022-01-01', 'yenilecek2', 0),
(1889, 829, 8, '2022-01-01', 'yenilecek2', 0),
(1890, 830, 8, '2022-01-01', 'yenilecek2', 0),
(1892, 832, 8, '2022-01-01', 'yenilecek2', 0),
(1895, 835, 1, '2022-01-01', 'yenilecek2', 0),
(1897, 44, 3, '2022-01-01', 'yenilecek2', 0),
(1898, 44, 2, '2022-01-01', 'yenilecek2', 0),
(1899, 836, 5, '2022-01-01', 'yenilecek2', 0),
(1902, 839, 2, '2022-01-01', 'yenilecek2', 0),
(1903, 840, 4, '2022-01-01', 'yenilecek2', 0),
(1907, 373, 5, '2022-01-01', 'yenilecek2', 0),
(1912, 847, 5, '2021-01-01', 'aktif', 1),
(1933, 35, 8, '2022-01-01', 'yenilecek2', 0),
(1938, 868, 2, '2021-12-01', 'yenilecek1', 0),
(1939, 684, 2, '2022-01-01', 'yenilecek2', 0),
(1942, 871, 5, '2022-01-01', 'yenilecek2', 0),
(1946, 875, 2, '2022-01-01', 'yenilecek2', 0),
(1949, 877, 1, '2022-01-01', 'yenilecek2', 0),
(1951, 879, 8, '2022-01-01', 'yenilecek2', 0),
(1952, 879, 9, '2022-01-01', 'yenilecek2', 0),
(1953, 880, 8, '2022-01-01', 'yenilecek2', 0),
(1954, 881, 8, '2022-01-01', 'yenilecek2', 0),
(1957, 883, 1, '2022-01-01', 'yenilecek2', 0),
(1958, 884, 8, '2022-01-01', 'yenilecek2', 0),
(1959, 885, 5, '2021-12-01', 'yenilecek1', 0),
(1962, 125, 5, '2022-01-01', 'yenilecek2', 0),
(1965, 888, 8, '2022-01-01', 'yenilecek2', 0),
(1966, 889, 8, '2022-01-01', 'yenilecek2', 0),
(1967, 890, 9, '2022-01-01', 'yenilecek2', 0),
(1969, 892, 9, '2022-01-01', 'yenilecek2', 0),
(1970, 893, 8, '2022-01-01', 'yenilecek2', 0),
(1971, 894, 1, '2022-01-01', 'yenilecek2', 0),
(1972, 895, 8, '2022-01-01', 'yenilecek2', 0),
(1974, 418, 5, '2022-01-01', 'yenilecek2', 0),
(1984, 182, 8, '2022-01-01', 'yenilecek2', 0),
(1985, 900, 1, '2022-01-01', 'yenilecek2', 0),
(1989, 902, 8, '2022-01-01', 'yenilecek2', 0),
(1992, 415, 2, '2022-01-01', 'yenilecek2', 0),
(1993, 903, 1, '2022-01-01', 'yenilecek2', 0),
(1994, 904, 1, '2022-01-01', 'yenilecek2', 0),
(1995, 905, 1, '2022-01-01', 'yenilecek2', 0),
(1996, 906, 1, '2022-01-01', 'yenilecek2', 0),
(1997, 907, 1, '2022-01-01', 'yenilecek2', 0),
(1998, 908, 1, '2022-01-01', 'yenilecek2', 0),
(1999, 909, 1, '2022-01-01', 'yenilecek2', 0),
(2002, 912, 1, '2022-01-01', 'yenilecek2', 0),
(2003, 912, 2, '2022-01-01', 'yenilecek2', 0),
(2008, 194, 1, '2022-01-01', 'yenilecek2', 0),
(2010, 917, 1, '2022-01-01', 'yenilecek2', 0),
(2011, 918, 1, '2022-01-01', 'yenilecek2', 0),
(2013, 920, 8, '2022-01-01', 'yenilecek2', 0),
(2014, 437, 8, '2022-01-01', 'yenilecek2', 0),
(2015, 270, 1, '2022-01-01', 'yenilecek2', 0),
(2016, 270, 4, '2022-01-01', 'yenilecek2', 0),
(2029, 284, 1, '2022-01-01', 'yenilecek2', 0),
(2031, 922, 1, '2022-01-01', 'yenilecek2', 0),
(2032, 879, 5, '2022-01-01', 'yenilecek2', 0),
(2037, 925, 8, '2022-01-01', 'yenilecek2', 0),
(2038, 926, 8, '2022-01-01', 'yenilecek2', 0),
(2039, 927, 8, '2022-01-01', 'yenilecek2', 0),
(2041, 928, 2, '2022-01-01', 'yenilecek2', 0),
(2043, 930, 2, '2022-01-01', 'yenilecek2', 0),
(2045, 932, 2, '2022-01-01', 'yenilecek2', 0),
(2049, 93, 7, '2022-01-01', 'yenilecek2', 0),
(2050, 142, 2, '2022-01-01', 'yenilecek2', 0),
(2051, 142, 3, '2022-01-01', 'yenilecek2', 0),
(2052, 142, 4, '2022-01-01', 'yenilecek2', 0),
(2053, 142, 5, '2022-01-01', 'yenilecek2', 0),
(2054, 142, 7, '2022-01-01', 'yenilecek2', 0),
(2058, 937, 1, '2022-01-01', 'yenilecek2', 1),
(2060, 939, 1, '2022-01-01', 'yenilecek2', 0),
(2061, 940, 1, '2022-01-01', 'yenilecek2', 0),
(2062, 940, 2, '2022-01-01', 'yenilecek2', 0),
(2063, 940, 3, '2022-01-01', 'yenilecek2', 0),
(2064, 940, 4, '2022-01-01', 'yenilecek2', 0),
(2065, 940, 5, '2022-01-01', 'yenilecek2', 0),
(2068, 941, 5, '2022-01-01', 'yenilecek2', 0),
(2069, 941, 2, '2022-01-01', 'yenilecek2', 0),
(2070, 942, 2, '2022-01-01', 'yenilecek2', 0),
(2072, 944, 5, '2022-01-01', 'yenilecek2', 0),
(2074, 269, 9, '2022-01-01', 'yenilecek2', 1),
(2075, 311, 1, '2022-01-01', 'yenilecek2', 0),
(2076, 945, 2, '2022-01-01', 'yenilecek2', 1),
(2081, 947, 11, '2022-01-01', 'yenilecek2', 0),
(2082, 473, 1, '2022-01-01', 'yenilecek2', 0),
(2086, 951, 9, '2022-01-01', 'yenilecek2', 0),
(2087, 952, 2, '2022-01-01', 'yenilecek2', 0),
(2089, 457, 3, '2021-12-01', 'yenilecek1', 0),
(2091, 510, 2, '2021-02-01', 'etkinsiz', 0),
(2095, 956, 9, '2022-01-01', 'yenilecek2', 0),
(2096, 957, 1, '2022-01-01', 'yenilecek2', 0),
(2099, 469, 5, '2022-01-01', 'yenilecek2', 0),
(2100, 469, 1, '2022-01-01', 'yenilecek2', 0),
(2101, 469, 4, '2022-01-01', 'yenilecek2', 0),
(2102, 949, 1, '2022-01-01', 'yenilecek2', 0),
(2105, 114, 2, '2022-01-01', 'yenilecek2', 0),
(2107, 960, 1, '2021-12-01', 'yenilecek1', 0),
(2108, 230, 3, '2022-01-01', 'yenilecek2', 0),
(2109, 961, 8, '2021-02-01', 'etkinsiz', 0),
(2110, 191, 1, '2021-02-01', 'etkinsiz', 0),
(2111, 784, 1, '2022-01-01', 'yenilecek2', 0),
(2112, 962, 1, '2022-01-01', 'yenilecek2', 0),
(2113, 962, 2, '2022-01-01', 'yenilecek2', 0),
(2114, 962, 3, '2022-01-01', 'yenilecek2', 0),
(2115, 962, 4, '2022-01-01', 'yenilecek2', 0),
(2116, 962, 5, '2022-01-01', 'yenilecek2', 0),
(2117, 962, 7, '2022-01-01', 'yenilecek2', 0),
(2118, 963, 4, '2022-01-01', 'yenilecek2', 0),
(2119, 64, 1, '2021-02-01', 'etkinsiz', 0),
(2123, 966, 1, '2021-02-01', 'etkinsiz', 0),
(2124, 966, 5, '2021-02-01', 'etkinsiz', 0),
(2125, 967, 4, '2021-02-01', 'etkinsiz', 0),
(2126, 968, 1, '2021-02-01', 'etkinsiz', 0),
(2127, 480, 5, '2021-02-01', 'etkinsiz', 0),
(2129, 969, 1, '2022-01-01', 'yenilecek2', 0),
(2130, 969, 2, '2022-01-01', 'yenilecek2', 0),
(2131, 969, 3, '2022-01-01', 'yenilecek2', 0),
(2132, 969, 4, '2022-01-01', 'yenilecek2', 0),
(2133, 969, 5, '2022-01-01', 'yenilecek2', 0),
(2134, 969, 7, '2022-01-01', 'yenilecek2', 0),
(2136, 971, 1, '2021-02-01', 'aktif', 1),
(2137, 965, 9, '2022-01-01', 'yenilecek2', 0),
(2145, 269, 5, '2022-01-01', 'yenilecek2', 1),
(2146, 269, 8, '2022-01-01', 'yenilecek2', 1),
(2147, 973, 2, '2021-03-01', 'etkinsiz', 0),
(2152, 188, 1, '2022-01-01', 'yenilecek2', 0),
(2153, 188, 4, '2022-01-01', 'yenilecek2', 0),
(2154, 205, 5, '2022-01-01', 'yenilecek2', 0),
(2155, 190, 1, '2022-01-01', 'yenilecek2', 0),
(2156, 190, 2, '2022-01-01', 'yenilecek2', 0),
(2157, 190, 5, '2022-01-01', 'yenilecek2', 0),
(2158, 203, 1, '2022-01-01', 'yenilecek2', 0),
(2159, 739, 8, '2022-01-01', 'yenilecek2', 0),
(2160, 739, 4, '2022-01-01', 'yenilecek2', 0),
(2162, 831, 7, '2022-01-01', 'yenilecek2', 0),
(2163, 192, 8, '2022-01-01', 'yenilecek2', 0),
(2164, 187, 1, '2022-01-01', 'yenilecek2', 0),
(2165, 187, 2, '2022-01-01', 'yenilecek2', 0),
(2166, 716, 1, '2022-01-01', 'yenilecek2', 0),
(2168, 974, 2, '2021-04-01', 'etkinsiz', 0),
(2169, 975, 1, '2021-04-01', 'etkinsiz', 0),
(2171, 678, 9, '2021-03-01', 'aktif', 1),
(2172, 837, 2, '2022-01-01', 'yenilecek2', 0),
(2173, 821, 8, '2022-03-01', 'aktif', 0),
(2174, 670, 4, '2021-05-01', 'etkinsiz', 0),
(2175, 443, 3, '2022-01-01', 'yenilecek2', 0),
(2176, 443, 5, '2022-01-01', 'yenilecek2', 0),
(2177, 439, 1, '2022-01-01', 'yenilecek2', 0),
(2178, 439, 5, '2022-01-01', 'yenilecek2', 0),
(2182, 29, 5, '2022-01-01', 'yenilecek2', 0),
(2183, 976, 1, '2021-06-01', 'etkinsiz', 0),
(2184, 522, 8, '2022-01-01', 'yenilecek2', 0),
(2185, 579, 8, '2022-01-01', 'yenilecek2', 0),
(2186, 621, 8, '2022-01-01', 'yenilecek2', 0),
(2187, 65, 1, '2022-01-01', 'yenilecek2', 0),
(2188, 65, 5, '2022-01-01', 'yenilecek2', 0),
(2189, 519, 7, '2021-09-01', 'askida', 0),
(2190, 193, 1, '2022-01-01', 'yenilecek2', 0),
(2191, 193, 2, '2022-01-01', 'yenilecek2', 0),
(2192, 193, 3, '2022-01-01', 'yenilecek2', 0),
(2193, 193, 4, '2022-01-01', 'yenilecek2', 0),
(2194, 193, 5, '2022-01-01', 'yenilecek2', 0),
(2195, 193, 7, '2022-01-01', 'yenilecek2', 0),
(2199, 572, 2, '2022-01-01', 'yenilecek2', 0),
(2203, 53, 1, '2022-01-01', 'yenilecek2', 0),
(2204, 53, 2, '2022-01-01', 'yenilecek2', 0),
(2205, 53, 3, '2022-01-01', 'yenilecek2', 0),
(2206, 53, 4, '2022-01-01', 'yenilecek2', 0),
(2207, 53, 5, '2022-01-01', 'yenilecek2', 0),
(2208, 53, 7, '2022-01-01', 'yenilecek2', 0),
(2209, 595, 9, '2021-03-01', 'aktif', 1),
(2210, 977, 8, '2021-10-01', 'askida', 1),
(2212, 979, 5, '2022-01-01', 'yenilecek2', 0),
(2213, 980, 5, '2022-01-01', 'yenilecek2', 0),
(2214, 981, 5, '2022-01-01', 'yenilecek2', 0),
(2215, 982, 5, '2022-01-01', 'yenilecek2', 0),
(2216, 983, 5, '2021-11-01', 'askida', 1),
(2217, 448, 5, '2022-01-01', 'yenilecek2', 0),
(2218, 440, 5, '2021-11-01', 'askida', 1),
(2219, 664, 5, '2022-01-01', 'yenilecek2', 0),
(2225, 723, 5, '2021-12-01', 'yenilecek1', 0),
(2226, 723, 16, '2022-01-01', 'yenilecek2', 0),
(2227, 208, 1, '2022-01-01', 'yenilecek2', 0),
(2229, 224, 20, '2022-01-01', 'yenilecek2', 0),
(2230, 362, 16, '2022-01-01', 'yenilecek2', 0),
(2233, 986, 3, '2022-01-01', 'yenilecek2', 0),
(2236, 987, 8, '2022-01-01', 'yenilecek2', 0),
(2237, 458, 8, '2022-01-01', 'yenilecek2', 0),
(2238, 451, 4, '2022-01-01', 'yenilecek2', 0),
(2239, 862, 16, '2022-01-01', 'yenilecek2', 0),
(2240, 860, 16, '2022-01-01', 'yenilecek2', 0),
(2241, 861, 16, '2022-01-01', 'yenilecek2', 0),
(2242, 988, 1, '2022-01-01', 'yenilecek2', 0),
(2245, 899, 16, '2022-01-01', 'yenilecek2', 0),
(2247, 990, 16, '2022-01-01', 'yenilecek2', 0),
(2248, 991, 16, '2022-01-01', 'yenilecek2', 0),
(2249, 992, 1, '2022-01-01', 'yenilecek2', 0),
(2250, 992, 5, '2022-01-01', 'yenilecek2', 0),
(2251, 716, 16, '2022-01-01', 'yenilecek2', 0),
(2252, 163, 16, '2022-01-01', 'yenilecek2', 0),
(2254, 993, 2, '2022-01-01', 'yenilecek2', 0),
(2255, 994, 5, '2022-01-01', 'yenilecek2', 0),
(2256, 995, 8, '2022-01-01', 'yenilecek2', 0),
(2257, 727, 19, '2022-01-01', 'yenilecek2', 0),
(2258, 727, 8, '2022-01-01', 'yenilecek2', 0),
(2260, 67, 16, '2022-01-01', 'yenilecek2', 0),
(2261, 552, 12, '2022-01-01', 'yenilecek2', 0),
(2262, 167, 8, '2022-01-01', 'yenilecek2', 0),
(2263, 594, 1, '2022-01-01', 'yenilecek2', 0),
(2264, 997, 5, '2022-01-01', 'yenilecek2', 0),
(2266, 998, 8, '2022-01-01', 'yenilecek2', 0),
(2267, 570, 19, '2022-01-01', 'yenilecek2', 0),
(2268, 213, 12, '2022-01-01', 'yenilecek2', 0),
(2269, 213, 16, '2022-01-01', 'yenilecek2', 0),
(2270, 865, 2, '2022-01-01', 'yenilecek2', 0),
(2280, 685, 5, '2022-01-01', 'yenilecek2', 0),
(2281, 796, 19, '2022-01-01', 'yenilecek2', 0),
(2282, 471, 19, '2022-01-01', 'yenilecek2', 0),
(2283, 697, 19, '2022-01-01', 'yenilecek2', 0),
(2284, 593, 16, '2022-01-01', 'yenilecek2', 0),
(2285, 568, 16, '2022-01-01', 'yenilecek2', 0),
(2286, 598, 19, '2022-01-01', 'yenilecek2', 0),
(2287, 212, 9, '2022-01-01', 'yenilecek2', 0),
(2288, 600, 8, '2022-01-01', 'yenilecek2', 0),
(2289, 427, 8, '2022-01-01', 'yenilecek2', 0),
(2290, 427, 12, '2022-01-01', 'yenilecek2', 0),
(2291, 214, 3, '2022-01-01', 'yenilecek2', 0),
(2292, 211, 5, '2022-01-01', 'yenilecek2', 0),
(2293, 211, 19, '2022-01-01', 'yenilecek2', 0),
(2294, 211, 16, '2022-01-01', 'yenilecek2', 0),
(2296, 1000, 1, '2022-01-01', 'yenilecek2', 0),
(2297, 1000, 5, '2022-01-01', 'yenilecek2', 1),
(2299, 1002, 19, '2022-01-01', 'yenilecek2', 0),
(2300, 1002, 20, '2022-01-01', 'yenilecek2', 0),
(2301, 602, 20, '2022-01-01', 'yenilecek2', 0),
(2302, 602, 21, '2022-01-01', 'yenilecek2', 0),
(2303, 405, 2, '2022-01-01', 'yenilecek2', 0),
(2304, 405, 19, '2022-01-01', 'yenilecek2', 0),
(2305, 1003, 16, '2022-01-01', 'yenilecek2', 0),
(2306, 1003, 20, '2022-01-01', 'yenilecek2', 0),
(2307, 424, 19, '2022-01-01', 'yenilecek2', 0),
(2308, 424, 20, '2022-01-01', 'yenilecek2', 0),
(2309, 555, 20, '2022-01-01', 'yenilecek2', 0),
(2310, 689, 5, '2022-01-01', 'yenilecek2', 0),
(2311, 689, 19, '2022-01-01', 'yenilecek2', 0),
(2312, 689, 20, '2022-01-01', 'yenilecek2', 0),
(2313, 725, 20, '2022-01-01', 'yenilecek2', 0),
(2314, 554, 20, '2022-01-01', 'yenilecek2', 0),
(2315, 504, 20, '2022-01-01', 'yenilecek2', 0),
(2316, 537, 20, '2022-01-01', 'yenilecek2', 0),
(2317, 805, 4, '2022-01-01', 'yenilecek2', 0),
(2318, 805, 10, '2022-01-01', 'yenilecek2', 0),
(2319, 805, 20, '2022-01-01', 'yenilecek2', 0),
(2320, 605, 20, '2022-01-01', 'yenilecek2', 0),
(2321, 1004, 16, '2022-01-01', 'yenilecek2', 0),
(2323, 1004, 20, '2022-01-01', 'yenilecek2', 0),
(2324, 1005, 8, '2022-01-01', 'yenilecek2', 0),
(2325, 1005, 20, '2022-01-01', 'yenilecek2', 0),
(2326, 1006, 9, '2022-01-01', 'yenilecek2', 0),
(2327, 1006, 20, '2022-01-01', 'yenilecek2', 0),
(2328, 1007, 8, '2022-01-01', 'yenilecek2', 0),
(2329, 1007, 20, '2022-01-01', 'yenilecek2', 0),
(2330, 1009, 1, '2022-01-01', 'yenilecek2', 0),
(2331, 924, 16, '2022-01-01', 'yenilecek2', 0),
(2332, 924, 5, '2022-01-01', 'yenilecek2', 0),
(2333, 924, 20, '2022-01-01', 'yenilecek2', 0),
(2334, 131, 19, '2022-01-01', 'yenilecek2', 0),
(2335, 419, 19, '2022-01-01', 'yenilecek2', 0),
(2336, 643, 5, '2022-01-01', 'yenilecek2', 0),
(2337, 1010, 1, '2022-01-01', 'yenilecek2', 0),
(2338, 1010, 3, '2022-01-01', 'yenilecek2', 0),
(2339, 1010, 19, '2022-01-01', 'yenilecek2', 0),
(2340, 29, 20, '2022-01-01', 'yenilecek2', 0),
(2341, 1011, 3, '2022-01-01', 'yenilecek2', 0),
(2342, 801, 19, '2022-01-01', 'yenilecek2', 0),
(2343, 986, 16, '2022-01-01', 'yenilecek2', 0),
(2344, 1012, 5, '2022-01-01', 'yenilecek2', 0),
(2345, 778, 5, '2022-01-01', 'yenilecek2', 0),
(2346, 779, 20, '2022-01-01', 'yenilecek2', 0),
(2349, 115, 8, '2022-01-01', 'yenilecek2', 0),
(2350, 115, 20, '2022-01-01', 'yenilecek2', 0),
(2351, 986, 20, '2022-01-01', 'yenilecek2', 0),
(2352, 416, 8, '2022-01-01', 'yenilecek2', 0),
(2353, 416, 5, '2022-01-01', 'yenilecek2', 0),
(2354, 416, 20, '2022-01-01', 'yenilecek2', 0),
(2355, 1013, 16, '2022-01-01', 'yenilecek2', 0),
(2356, 225, 20, '2022-01-01', 'yenilecek2', 0),
(2357, 633, 20, '2022-01-01', 'yenilecek2', 0),
(2358, 951, 20, '2022-01-01', 'yenilecek2', 0),
(2359, 121, 19, '2022-01-01', 'yenilecek2', 0),
(2360, 227, 12, '2022-01-01', 'yenilecek2', 0),
(2361, 227, 9, '2022-01-01', 'yenilecek2', 0),
(2363, 227, 20, '2022-01-01', 'yenilecek2', 0),
(2364, 520, 20, '2022-01-01', 'yenilecek2', 0),
(2365, 1013, 1, '2022-01-01', 'yenilecek2', 0),
(2366, 1013, 20, '2022-01-01', 'yenilecek2', 0),
(2367, 588, 20, '2022-01-01', 'yenilecek2', 0),
(2368, 593, 20, '2022-01-01', 'yenilecek2', 0),
(2369, 1014, 16, '2022-01-01', 'yenilecek2', 0),
(2370, 1014, 20, '2022-01-01', 'yenilecek2', 0),
(2371, 1015, 16, '2022-01-01', 'yenilecek2', 0),
(2372, 1015, 20, '2022-01-01', 'yenilecek2', 0),
(2373, 1016, 16, '2022-01-01', 'yenilecek2', 0),
(2374, 1016, 20, '2022-01-01', 'yenilecek2', 0),
(2375, 726, 20, '2022-01-01', 'yenilecek2', 0),
(2376, 116, 8, '2022-01-01', 'yenilecek2', 0),
(2377, 116, 20, '2022-01-01', 'yenilecek2', 0),
(2378, 182, 20, '2022-01-01', 'yenilecek2', 0),
(2379, 196, 20, '2022-01-01', 'yenilecek2', 0),
(2380, 196, 19, '2022-01-01', 'yenilecek2', 0),
(2382, 1017, 5, '2022-01-01', 'yenilecek2', 0),
(2383, 1017, 19, '2022-01-01', 'yenilecek2', 0),
(2384, 1018, 16, '2022-01-01', 'yenilecek2', 0),
(2385, 1018, 20, '2022-01-01', 'yenilecek2', 0),
(2386, 184, 3, '2022-01-01', 'yenilecek2', 0),
(2387, 184, 16, '2022-01-01', 'yenilecek2', 0),
(2388, 184, 20, '2022-01-01', 'yenilecek2', 0),
(2389, 842, 1, '2022-01-01', 'yenilecek2', 0),
(2391, 842, 20, '2022-01-01', 'yenilecek2', 0),
(2392, 197, 20, '2022-01-01', 'yenilecek2', 0),
(2393, 119, 10, '2022-01-01', 'yenilecek2', 0),
(2394, 205, 20, '2022-01-01', 'yenilecek2', 0),
(2395, 119, 20, '2022-01-01', 'yenilecek2', 0),
(2396, 192, 20, '2022-01-01', 'yenilecek2', 0),
(2397, 190, 19, '2022-01-01', 'yenilecek2', 0),
(2398, 190, 20, '2022-01-01', 'yenilecek2', 0),
(2399, 206, 16, '2022-01-01', 'yenilecek2', 0),
(2400, 206, 20, '2022-01-01', 'yenilecek2', 0),
(2401, 415, 8, '2022-01-01', 'yenilecek2', 0),
(2402, 1019, 8, '2022-01-01', 'yenilecek2', 0),
(2403, 1019, 20, '2022-01-01', 'yenilecek2', 0),
(2404, 1020, 8, '2022-01-01', 'yenilecek2', 0),
(2405, 189, 20, '2022-01-01', 'yenilecek2', 0),
(2406, 432, 16, '2022-01-01', 'yenilecek2', 0),
(2407, 775, 20, '2022-01-01', 'yenilecek2', 0),
(2408, 200, 19, '2022-01-01', 'yenilecek2', 0),
(2409, 503, 10, '2022-01-01', 'yenilecek2', 0),
(2410, 503, 16, '2022-01-01', 'yenilecek2', 0),
(2411, 959, 1, '2022-01-01', 'yenilecek2', 0),
(2412, 1021, 19, '2022-01-01', 'yenilecek2', 0),
(2413, 1021, 16, '2022-01-01', 'yenilecek2', 0),
(2414, 1021, 20, '2022-01-01', 'yenilecek2', 0),
(2415, 429, 3, '2022-01-01', 'yenilecek2', 0),
(2416, 429, 20, '2022-01-01', 'yenilecek2', 0),
(2418, 203, 20, '2022-01-01', 'yenilecek2', 0),
(2419, 1022, 19, '2022-01-01', 'yenilecek2', 0),
(2420, 1022, 20, '2022-01-01', 'yenilecek2', 0),
(2421, 1023, 8, '2022-01-01', 'yenilecek2', 0),
(2422, 1023, 20, '2022-01-01', 'yenilecek2', 0),
(2423, 1024, 19, '2022-01-01', 'yenilecek2', 0),
(2424, 1024, 9, '2022-01-01', 'yenilecek2', 0),
(2425, 1024, 20, '2022-01-01', 'yenilecek2', 0),
(2426, 1025, 16, '2022-01-01', 'yenilecek2', 0),
(2427, 1025, 20, '2022-01-01', 'yenilecek2', 0),
(2428, 1026, 8, '2022-01-01', 'yenilecek2', 0),
(2429, 1026, 20, '2022-01-01', 'yenilecek2', 0),
(2430, 533, 20, '2022-01-01', 'yenilecek2', 0),
(2431, 191, 8, '2022-01-01', 'yenilecek2', 0),
(2432, 191, 20, '2022-01-01', 'yenilecek2', 0),
(2433, 525, 8, '2022-01-01', 'yenilecek2', 0),
(2434, 525, 20, '2022-01-01', 'yenilecek2', 0),
(2435, 194, 20, '2022-01-01', 'yenilecek2', 0),
(2436, 198, 20, '2022-01-01', 'yenilecek2', 0),
(2437, 1027, 1, '2022-01-01', 'yenilecek2', 0),
(2439, 1029, 19, '2022-01-01', 'yenilecek2', 0),
(2440, 435, 8, '2022-01-01', 'yenilecek2', 0),
(2441, 435, 20, '2022-01-01', 'yenilecek2', 0),
(2442, 643, 20, '2022-01-01', 'yenilecek2', 0),
(2443, 755, 9, '2022-01-01', 'yenilecek2', 0),
(2444, 755, 20, '2022-01-01', 'yenilecek2', 0),
(2445, 770, 19, '2022-01-01', 'yenilecek2', 0),
(2446, 1030, 16, '2022-01-01', 'yenilecek2', 0),
(2447, 1031, 8, '2022-01-01', 'yenilecek2', 0),
(2449, 1031, 20, '2022-01-01', 'yenilecek2', 0),
(2450, 1032, 10, '2022-01-01', 'yenilecek2', 0),
(2451, 1032, 16, '2022-01-01', 'yenilecek2', 0),
(2452, 1032, 20, '2022-01-01', 'yenilecek2', 0),
(2453, 1033, 10, '2022-01-01', 'yenilecek2', 0),
(2454, 1033, 8, '2022-01-01', 'yenilecek2', 0),
(2455, 1033, 20, '2022-01-01', 'yenilecek2', 0),
(2456, 1034, 16, '2022-01-01', 'yenilecek2', 0),
(2457, 1034, 20, '2022-01-01', 'yenilecek2', 0),
(2458, 1035, 8, '2022-01-01', 'yenilecek2', 0),
(2459, 1035, 12, '2022-01-01', 'yenilecek2', 0),
(2460, 1035, 20, '2022-01-01', 'yenilecek2', 0),
(2461, 1036, 3, '2022-01-01', 'yenilecek2', 0),
(2462, 1036, 20, '2022-01-01', 'yenilecek2', 0),
(2463, 793, 19, '2022-01-01', 'yenilecek2', 0),
(2464, 793, 16, '2022-01-01', 'yenilecek2', 0),
(2466, 793, 20, '2022-01-01', 'yenilecek2', 0),
(2467, 730, 20, '2022-01-01', 'yenilecek2', 0),
(2468, 409, 20, '2022-01-01', 'yenilecek2', 0),
(2469, 624, 19, '2022-01-01', 'yenilecek2', 0),
(2470, 624, 20, '2022-01-01', 'yenilecek2', 0),
(2472, 1037, 2, '2022-01-01', 'yenilecek2', 0),
(2473, 1038, 21, '2022-01-01', 'yenilecek2', 0),
(2474, 899, 20, '2022-01-01', 'yenilecek2', 0),
(2476, 413, 8, '2022-01-01', 'yenilecek2', 0),
(2477, 413, 20, '2022-01-01', 'yenilecek2', 0),
(2478, 1039, 16, '2022-01-01', 'yenilecek2', 0),
(2479, 1040, 1, '2022-01-01', 'yenilecek2', 1),
(2480, 174, 19, '2022-01-01', 'yenilecek2', 0),
(2481, 174, 16, '2022-01-01', 'yenilecek2', 0),
(2482, 701, 16, '2022-01-01', 'yenilecek2', 0),
(2483, 180, 8, '2022-01-01', 'yenilecek2', 0),
(2484, 181, 19, '2022-01-01', 'yenilecek2', 0),
(2485, 181, 20, '2022-01-01', 'yenilecek2', 0),
(2486, 688, 19, '2022-01-01', 'yenilecek2', 0),
(2487, 688, 16, '2022-01-01', 'yenilecek2', 0),
(2488, 688, 20, '2022-01-01', 'yenilecek2', 0),
(2489, 1041, 16, '2022-01-01', 'yenilecek2', 0),
(2491, 1043, 16, '2022-01-01', 'yenilecek2', 0),
(2492, 1044, 16, '2022-01-01', 'yenilecek2', 0),
(2493, 1045, 16, '2022-01-01', 'yenilecek2', 0),
(2494, 1046, 16, '2022-01-01', 'yenilecek2', 0),
(2495, 1047, 16, '2022-01-01', 'yenilecek2', 0),
(2496, 1048, 16, '2022-01-01', 'yenilecek2', 0),
(2497, 1049, 16, '2022-01-01', 'yenilecek2', 0),
(2498, 1050, 16, '2022-01-01', 'yenilecek2', 0),
(2499, 1051, 16, '2022-01-01', 'yenilecek2', 0),
(2500, 200, 20, '2022-01-01', 'yenilecek2', 0),
(2501, 66, 9, '2022-01-01', 'yenilecek2', 0),
(2502, 66, 20, '2022-01-01', 'yenilecek2', 0),
(2503, 1052, 10, '2022-01-01', 'yenilecek2', 0),
(2504, 1052, 20, '2022-01-01', 'yenilecek2', 0),
(2507, 485, 20, '2022-01-01', 'yenilecek2', 0),
(2508, 1053, 16, '2022-01-01', 'yenilecek2', 0),
(2509, 217, 16, '2022-01-01', 'yenilecek2', 0),
(2510, 217, 19, '2022-01-01', 'yenilecek2', 0),
(2511, 217, 20, '2022-01-01', 'yenilecek2', 0),
(2512, 215, 19, '2022-01-01', 'yenilecek2', 0),
(2513, 215, 1, '2022-01-01', 'yenilecek2', 0),
(2514, 215, 20, '2022-01-01', 'yenilecek2', 0),
(2515, 215, 4, '2022-01-01', 'yenilecek2', 0),
(2516, 732, 20, '2022-01-01', 'yenilecek2', 0),
(2517, 1054, 4, '2022-01-01', 'yenilecek2', 0),
(2518, 1055, 5, '2022-01-01', 'yenilecek2', 0),
(2519, 721, 12, '2022-01-01', 'yenilecek2', 0),
(2520, 719, 8, '2022-01-01', 'yenilecek2', 0),
(2521, 719, 12, '2022-01-01', 'yenilecek2', 0),
(2522, 719, 20, '2022-01-01', 'yenilecek2', 0),
(2524, 983, 1, '2022-01-01', 'yenilecek2', 0),
(2525, 1056, 2, '2022-01-01', 'yenilecek2', 0),
(2526, 534, 20, '2022-01-01', 'yenilecek2', 0),
(2527, 991, 20, '2022-01-01', 'yenilecek2', 0),
(2528, 135, 2, '2022-01-01', 'yenilecek2', 0),
(2529, 954, 16, '2022-01-01', 'yenilecek2', 0),
(2530, 954, 20, '2022-01-01', 'yenilecek2', 0),
(2531, 830, 20, '2022-01-01', 'yenilecek2', 0),
(2532, 830, 16, '2022-01-01', 'yenilecek2', 0),
(2534, 829, 20, '2022-01-01', 'yenilecek2', 0),
(2535, 829, 16, '2022-01-01', 'yenilecek2', 0),
(2536, 831, 16, '2022-01-01', 'yenilecek2', 0),
(2537, 831, 20, '2022-01-01', 'yenilecek2', 0),
(2538, 831, 19, '2022-01-01', 'yenilecek2', 0),
(2539, 827, 1, '2022-01-01', 'yenilecek2', 0),
(2540, 827, 19, '2022-01-01', 'yenilecek2', 0),
(2541, 827, 20, '2022-01-01', 'yenilecek2', 0),
(2542, 360, 1, '2022-01-01', 'yenilecek2', 0),
(2543, 360, 20, '2022-01-01', 'yenilecek2', 0),
(2544, 1058, 16, '2022-01-01', 'yenilecek2', 0),
(2545, 1058, 20, '2022-01-01', 'yenilecek2', 0),
(2546, 1059, 2, '2022-01-01', 'yenilecek2', 0),
(2547, 1059, 20, '2022-01-01', 'yenilecek2', 0),
(2548, 361, 8, '2022-01-01', 'yenilecek2', 0),
(2549, 361, 12, '2022-01-01', 'yenilecek2', 0),
(2550, 361, 20, '2022-01-01', 'yenilecek2', 0),
(2551, 826, 1, '2022-01-01', 'yenilecek2', 0),
(2552, 826, 20, '2022-01-01', 'yenilecek2', 0),
(2553, 362, 19, '2022-01-01', 'yenilecek2', 0),
(2554, 362, 21, '2022-01-01', 'yenilecek2', 0),
(2555, 362, 2, '2022-01-01', 'yenilecek2', 0),
(2556, 362, 20, '2022-01-01', 'yenilecek2', 0),
(2559, 642, 20, '2022-01-01', 'yenilecek2', 0),
(2560, 49, 1, '2022-01-01', 'yenilecek2', 0),
(2561, 49, 20, '2022-01-01', 'yenilecek2', 0),
(2562, 1061, 1, '2022-01-01', 'yenilecek2', 0),
(2563, 1061, 20, '2022-01-01', 'yenilecek2', 0),
(2564, 418, 20, '2022-01-01', 'yenilecek2', 0),
(2565, 510, 19, '2022-01-01', 'yenilecek2', 0),
(2566, 510, 20, '2022-01-01', 'yenilecek2', 0),
(2567, 563, 19, '2022-01-01', 'yenilecek2', 0),
(2568, 563, 20, '2022-01-01', 'yenilecek2', 0),
(2569, 359, 5, '2022-01-01', 'yenilecek2', 0),
(2570, 359, 20, '2022-01-01', 'yenilecek2', 0),
(2572, 364, 20, '2022-01-01', 'yenilecek2', 0),
(2574, 532, 20, '2022-01-01', 'yenilecek2', 0),
(2575, 620, 20, '2022-01-01', 'yenilecek2', 0),
(2576, 1063, 10, '2022-01-01', 'yenilecek2', 0),
(2578, 511, 8, '2022-01-01', 'yenilecek2', 0),
(2579, 511, 10, '2022-01-01', 'yenilecek2', 0),
(2580, 511, 16, '2022-01-01', 'yenilecek2', 0),
(2582, 511, 20, '2022-01-01', 'yenilecek2', 0),
(2583, 961, 1, '2022-01-01', 'yenilecek2', 0),
(2584, 961, 2, '2022-01-01', 'yenilecek2', 0),
(2585, 961, 3, '2022-01-01', 'yenilecek2', 0),
(2586, 961, 4, '2022-01-01', 'yenilecek2', 0),
(2587, 961, 5, '2022-01-01', 'yenilecek2', 0),
(2588, 961, 19, '2022-01-01', 'yenilecek2', 0),
(2589, 961, 20, '2022-01-01', 'yenilecek2', 0),
(2590, 73, 2, '2022-01-01', 'yenilecek2', 0),
(2591, 73, 12, '2022-01-01', 'yenilecek2', 0),
(2592, 1066, 5, '2022-01-01', 'yenilecek2', 0),
(2593, 92, 9, '2022-01-01', 'yenilecek2', 0),
(2594, 528, 20, '2022-01-01', 'yenilecek2', 0),
(2595, 96, 9, '2022-01-01', 'yenilecek2', 0),
(2597, 1067, 20, '2022-01-01', 'yenilecek2', 0),
(2598, 1067, 19, '2022-01-01', 'yenilecek2', 0),
(2599, 1068, 5, '2022-01-01', 'yenilecek2', 0),
(2600, 1068, 19, '2022-01-01', 'yenilecek2', 0),
(2601, 1068, 20, '2022-01-01', 'yenilecek2', 0),
(2602, 1069, 11, '2022-01-01', 'yenilecek2', 0),
(2603, 1069, 20, '2022-01-01', 'yenilecek2', 0),
(2605, 171, 9, '2022-01-01', 'yenilecek2', 0),
(2606, 1071, 8, '2022-01-01', 'yenilecek2', 0),
(2607, 752, 16, '2022-01-01', 'yenilecek2', 0),
(2608, 1004, 19, '2022-01-01', 'yenilecek2', 0),
(2609, 1031, 5, '2022-01-01', 'yenilecek2', 0),
(2610, 1065, 5, '2022-01-01', 'yenilecek2', 0),
(2613, 359, 1, '2022-01-01', 'yenilecek2', 0),
(2614, 1064, 3, '2022-01-01', 'yenilecek2', 0),
(2616, 96, 20, '2022-01-01', 'yenilecek2', 0),
(2617, 596, 16, '2022-01-01', 'yenilecek2', 0),
(2618, 596, 20, '2022-01-01', 'yenilecek2', 0),
(2619, 67, 20, '2022-01-01', 'yenilecek2', 0),
(2620, 73, 8, '2022-01-01', 'yenilecek2', 0),
(2621, 1037, 20, '2022-01-01', 'yenilecek2', 0),
(2622, 407, 19, '2022-01-01', 'yenilecek2', 0),
(2623, 870, 19, '2022-01-01', 'yenilecek2', 0),
(2624, 425, 20, '2022-01-01', 'yenilecek2', 0),
(2625, 351, 12, '2022-01-01', 'yenilecek2', 0),
(2626, 867, 1, '2021-12-01', 'yenilecek1', 0),
(2627, 866, 1, '2021-12-01', 'yenilecek1', 0),
(2628, 351, 20, '2022-01-01', 'yenilecek2', 0),
(2629, 1073, 1, '2022-01-01', 'yenilecek2', 0),
(2630, 926, 11, '2022-01-01', 'yenilecek2', 0),
(2631, 926, 20, '2022-01-01', 'yenilecek2', 0),
(2632, 2, 2, '2022-01-01', 'yenilecek2', 0),
(2633, 740, 21, '2022-01-01', 'yenilecek2', 0),
(2634, 740, 20, '2022-01-01', 'yenilecek2', 0),
(2635, 7, 16, '2022-01-01', 'yenilecek2', 0),
(2636, 1074, 21, '2022-01-01', 'yenilecek2', 0),
(2637, 1075, 1, '2022-01-01', 'yenilecek2', 0),
(2638, 479, 16, '2022-01-01', 'yenilecek2', 0),
(2639, 479, 20, '2022-01-01', 'yenilecek2', 0),
(2640, 551, 20, '2022-01-01', 'yenilecek2', 0),
(2641, 736, 20, '2022-01-01', 'yenilecek2', 0),
(2642, 553, 20, '2022-01-01', 'yenilecek2', 0),
(2643, 216, 20, '2022-01-01', 'yenilecek2', 0),
(2644, 760, 19, '2022-01-01', 'yenilecek2', 0),
(2645, 760, 20, '2022-01-01', 'yenilecek2', 0),
(2646, 33, 20, '2022-01-01', 'yenilecek2', 0),
(2647, 903, 20, '2022-01-01', 'yenilecek2', 0),
(2648, 815, 20, '2022-01-01', 'yenilecek2', 0),
(2649, 51, 3, '2022-01-01', 'yenilecek2', 0),
(2650, 51, 2, '2022-01-01', 'yenilecek2', 0),
(2651, 48, 5, '2022-01-01', 'yenilecek2', 0),
(2652, 48, 2, '2022-01-01', 'yenilecek2', 0),
(2653, 48, 1, '2022-01-01', 'yenilecek2', 0),
(2654, 52, 12, '2022-01-01', 'yenilecek2', 0),
(2655, 52, 8, '2022-01-01', 'yenilecek2', 0),
(2656, 56, 19, '2022-01-01', 'yenilecek2', 0),
(2657, 469, 20, '2022-01-01', 'yenilecek2', 0),
(2658, 681, 20, '2022-01-01', 'yenilecek2', 0),
(2659, 724, 20, '2022-01-01', 'yenilecek2', 0),
(2660, 731, 9, '2022-01-01', 'yenilecek2', 0),
(2661, 731, 20, '2022-01-01', 'yenilecek2', 0),
(2662, 233, 20, '2022-01-01', 'yenilecek2', 0),
(2663, 957, 20, '2022-01-01', 'yenilecek2', 0),
(2664, 1076, 1, '2022-01-01', 'yenilecek2', 0),
(2665, 999, 20, '2022-01-01', 'yenilecek2', 0),
(2666, 989, 20, '2022-01-01', 'yenilecek2', 0),
(2667, 989, 21, '2022-01-01', 'yenilecek2', 0),
(2668, 989, 12, '2022-01-01', 'yenilecek2', 0),
(2670, 35, 20, '2022-01-01', 'yenilecek2', 0),
(2671, 485, 8, '2022-01-01', 'yenilecek2', 0);
INSERT INTO `subscription` (`id`, `suscriber_id`, `product_id`, `start_date`, `state`, `renew`) VALUES
(2672, 838, 8, '2022-01-01', 'yenilecek2', 0),
(2676, 948, 19, '2022-01-01', 'yenilecek2', 0),
(2677, 329, 12, '2022-01-01', 'yenilecek2', 0),
(2678, 1079, 19, '2022-01-01', 'yenilecek2', 0),
(2679, 1080, 16, '2022-01-01', 'yenilecek2', 0),
(2680, 1081, 16, '2022-01-01', 'yenilecek2', 0),
(2681, 1080, 19, '2022-01-01', 'yenilecek2', 0),
(2682, 420, 9, '2022-01-01', 'yenilecek2', 0),
(2683, 420, 10, '2022-01-01', 'yenilecek2', 0),
(2684, 420, 11, '2022-01-01', 'yenilecek2', 0),
(2685, 420, 16, '2022-01-01', 'yenilecek2', 0),
(2686, 420, 20, '2022-01-01', 'yenilecek2', 0),
(2687, 801, 20, '2022-01-01', 'yenilecek2', 0),
(2688, 948, 20, '2022-01-01', 'yenilecek2', 0),
(2689, 822, 20, '2022-01-01', 'yenilecek2', 0),
(2690, 819, 20, '2022-01-01', 'yenilecek2', 0),
(2691, 883, 20, '2022-01-01', 'yenilecek2', 0),
(2692, 992, 20, '2022-01-01', 'yenilecek2', 0),
(2693, 716, 20, '2022-01-01', 'yenilecek2', 0),
(2694, 22, 1, '2022-01-01', 'yenilecek2', 0),
(2695, 22, 20, '2022-01-01', 'yenilecek2', 0),
(2696, 19, 20, '2022-01-01', 'yenilecek2', 0),
(2697, 600, 20, '2022-01-01', 'yenilecek2', 0),
(2698, 241, 20, '2022-01-01', 'yenilecek2', 0),
(2699, 1072, 20, '2022-01-01', 'yenilecek2', 0),
(2700, 472, 8, '2022-01-01', 'yenilecek2', 0),
(2701, 472, 20, '2022-01-01', 'yenilecek2', 0),
(2702, 128, 1, '2022-01-01', 'yenilecek2', 0),
(2703, 766, 1, '2022-01-01', 'yenilecek2', 0),
(2704, 749, 20, '2022-01-01', 'yenilecek2', 0),
(2705, 670, 20, '2022-01-01', 'yenilecek2', 0),
(2706, 461, 12, '2022-01-01', 'yenilecek2', 0),
(2707, 722, 2, '2022-01-01', 'yenilecek2', 0),
(2708, 722, 20, '2022-01-01', 'yenilecek2', 0),
(2711, 471, 20, '2022-01-01', 'yenilecek2', 0),
(2712, 796, 20, '2022-01-01', 'yenilecek2', 0),
(2714, 245, 20, '2022-01-01', 'yenilecek2', 0),
(2715, 1084, 19, '2022-01-01', 'yenilecek2', 0),
(2716, 1084, 20, '2022-01-01', 'yenilecek2', 0),
(2717, 697, 20, '2022-01-01', 'yenilecek2', 0),
(2718, 1085, 4, '2022-01-01', 'yenilecek2', 0),
(2719, 685, 20, '2022-01-01', 'yenilecek2', 0),
(2720, 20, 20, '2022-01-01', 'yenilecek2', 0),
(2721, 832, 20, '2022-01-01', 'yenilecek2', 0),
(2722, 188, 20, '2022-01-01', 'yenilecek2', 0),
(2723, 541, 16, '2022-01-01', 'yenilecek2', 0),
(2724, 148, 20, '2022-01-01', 'yenilecek2', 0),
(2725, 148, 1, '2022-01-01', 'yenilecek2', 0),
(2726, 1086, 1, '2022-01-01', 'yenilecek2', 0),
(2727, 154, 16, '2022-01-01', 'yenilecek2', 0),
(2728, 154, 8, '2022-01-01', 'yenilecek2', 0),
(2729, 154, 2, '2022-01-01', 'yenilecek2', 0),
(2730, 154, 4, '2022-01-01', 'yenilecek2', 0),
(2731, 155, 1, '2022-01-01', 'yenilecek2', 0),
(2732, 155, 2, '2022-01-01', 'yenilecek2', 0),
(2733, 155, 11, '2022-01-01', 'yenilecek2', 0),
(2734, 941, 16, '2022-01-01', 'yenilecek2', 0),
(2735, 876, 9, '2022-01-01', 'yenilecek2', 0),
(2736, 876, 8, '2022-01-01', 'yenilecek2', 0),
(2737, 878, 16, '2022-01-01', 'yenilecek2', 0),
(2738, 942, 5, '2022-01-01', 'yenilecek2', 0),
(2739, 541, 20, '2022-01-01', 'yenilecek2', 0),
(2740, 146, 20, '2022-01-01', 'yenilecek2', 0),
(2741, 870, 1, '2022-01-01', 'yenilecek2', 0),
(2742, 156, 20, '2022-01-01', 'yenilecek2', 0),
(2743, 157, 20, '2022-01-01', 'yenilecek2', 0),
(2744, 154, 20, '2022-01-01', 'yenilecek2', 0),
(2745, 870, 20, '2022-01-01', 'yenilecek2', 0),
(2746, 130, 20, '2022-01-01', 'yenilecek2', 0),
(2747, 1087, 4, '2022-01-01', 'yenilecek2', 0),
(2748, 462, 5, '2022-01-01', 'yenilecek2', 0),
(2749, 462, 19, '2022-01-01', 'yenilecek2', 0),
(2750, 1088, 1, '2022-01-01', 'yenilecek2', 0),
(2751, 452, 8, '2022-01-01', 'yenilecek2', 0),
(2752, 452, 9, '2022-01-01', 'yenilecek2', 0),
(2753, 1089, 16, '2022-01-01', 'yenilecek2', 0),
(2754, 1089, 20, '2022-01-01', 'yenilecek2', 0),
(2755, 287, 20, '2022-01-01', 'yenilecek2', 0),
(2758, 552, 8, '2022-01-01', 'yenilecek2', 0),
(2759, 999, 8, '2022-01-01', 'yenilecek2', 0),
(2760, 899, 8, '2022-01-01', 'yenilecek2', 0),
(2761, 899, 9, '2022-01-01', 'yenilecek2', 0),
(2762, 723, 8, '2022-01-01', 'yenilecek2', 0),
(2763, 723, 9, '2022-01-01', 'yenilecek2', 0),
(2764, 723, 10, '2022-01-01', 'yenilecek2', 0),
(2765, 723, 11, '2022-01-01', 'yenilecek2', 0),
(2766, 526, 8, '2022-01-01', 'yenilecek2', 0),
(2767, 526, 9, '2022-01-01', 'yenilecek2', 0),
(2768, 729, 8, '2022-01-01', 'yenilecek2', 0),
(2769, 676, 10, '2022-01-01', 'yenilecek2', 0),
(2770, 562, 8, '2022-01-01', 'yenilecek2', 0),
(2771, 650, 8, '2022-01-01', 'yenilecek2', 0),
(2772, 650, 9, '2022-01-01', 'yenilecek2', 0),
(2773, 674, 8, '2022-01-01', 'yenilecek2', 0),
(2774, 213, 11, '2022-01-01', 'yenilecek2', 0),
(2775, 570, 8, '2022-01-01', 'yenilecek2', 0),
(2776, 570, 9, '2022-01-01', 'yenilecek2', 0),
(2777, 795, 10, '2022-01-01', 'yenilecek2', 0),
(2778, 226, 8, '2022-01-01', 'yenilecek2', 0),
(2779, 226, 9, '2022-01-01', 'yenilecek2', 0),
(2780, 623, 8, '2022-01-01', 'yenilecek2', 0),
(2781, 224, 8, '2022-01-01', 'yenilecek2', 0),
(2782, 611, 8, '2022-01-01', 'yenilecek2', 0),
(2783, 611, 9, '2022-01-01', 'yenilecek2', 0),
(2784, 521, 8, '2022-01-01', 'yenilecek2', 0),
(2785, 692, 8, '2022-01-01', 'yenilecek2', 0),
(2786, 693, 8, '2022-01-01', 'yenilecek2', 0),
(2787, 287, 9, '2022-01-01', 'yenilecek2', 0),
(2788, 526, 20, '2022-01-01', 'yenilecek2', 0),
(2789, 552, 20, '2022-02-01', 'yenilecek3', 0),
(2790, 727, 20, '2022-01-04', 'aktif', 0),
(2791, 570, 20, '2022-01-04', 'aktif', 0),
(2792, 674, 20, '2022-01-04', 'aktif', 0),
(2793, 650, 20, '2022-01-04', 'aktif', 0),
(2794, 213, 20, '2022-01-04', 'aktif', 0),
(2795, 676, 20, '2022-01-04', 'aktif', 0),
(2796, 564, 20, '2022-01-04', 'aktif', 0),
(2797, 821, 20, '2022-01-04', 'aktif', 0),
(2798, 226, 20, '2022-01-01', 'yenilecek2', 0),
(2799, 598, 20, '2022-01-04', 'aktif', 0),
(2800, 521, 20, '2022-01-01', 'yenilecek2', 0),
(2801, 562, 20, '2022-01-01', 'yenilecek2', 0),
(2802, 568, 20, '2022-01-04', 'aktif', 0),
(2803, 212, 20, '2022-01-04', 'aktif', 0),
(2804, 1090, 1, '2022-01-01', 'yenilecek2', 0),
(2805, 1091, 1, '2022-01-01', 'yenilecek2', 0),
(2806, 208, 20, '2022-01-04', 'aktif', 0),
(2807, 230, 20, '2022-01-04', 'aktif', 0),
(2808, 707, 20, '2022-01-01', 'yenilecek2', 0),
(2809, 427, 20, '2022-01-04', 'aktif', 0),
(2810, 1090, 20, '2022-01-01', 'yenilecek2', 0),
(2811, 220, 20, '2022-01-04', 'aktif', 0),
(2812, 1091, 20, '2022-01-01', 'yenilecek2', 0),
(2813, 530, 20, '2022-01-04', 'aktif', 0),
(2814, 214, 20, '2022-01-04', 'aktif', 0),
(2815, 211, 20, '2022-01-04', 'aktif', 0),
(2816, 623, 20, '2022-01-04', 'aktif', 0),
(2817, 210, 20, '2022-01-04', 'aktif', 0),
(2818, 611, 20, '2022-01-04', 'aktif', 0),
(2819, 218, 20, '2022-01-04', 'aktif', 0),
(2820, 723, 20, '2022-01-04', 'aktif', 0),
(2821, 729, 20, '2022-01-04', 'aktif', 0),
(2822, 422, 20, '2022-01-04', 'aktif', 0),
(2823, 795, 20, '2022-01-04', 'aktif', 0),
(2824, 514, 2, '2022-01-01', 'yenilecek2', 0),
(2825, 1092, 5, '2022-01-06', 'aktif', 0),
(2826, 103, 8, '2022-01-01', 'yenilecek2', 0),
(2827, 1093, 5, '2022-01-01', 'yenilecek2', 0),
(2828, 335, 16, '2022-01-01', 'yenilecek2', 0),
(2829, 335, 20, '2022-01-01', 'yenilecek2', 0),
(2830, 492, 2, '2022-01-01', 'yenilecek2', 0),
(2832, 1094, 19, '2022-01-01', 'yenilecek2', 0),
(2833, 1095, 19, '2022-01-01', 'yenilecek2', 0),
(2834, 1096, 16, '2022-01-01', 'yenilecek2', 0),
(2835, 1097, 16, '2022-01-01', 'yenilecek2', 0),
(2836, 1098, 16, '2022-01-01', 'yenilecek2', 0),
(2837, 1099, 1, '2022-01-01', 'yenilecek2', 0),
(2838, 779, 16, '2022-01-01', 'yenilecek2', 0),
(2839, 405, 20, '2022-01-08', 'aktif', 0),
(2840, 1077, 20, '2022-01-08', 'aktif', 0),
(2841, 990, 20, '2022-01-01', 'yenilecek2', 0),
(2842, 227, 8, '2022-01-01', 'yenilecek2', 0),
(2843, 1100, 16, '2022-01-01', 'yenilecek2', 0),
(2844, 1101, 12, '2022-01-01', 'yenilecek2', 0),
(2845, 863, 1, '2022-01-01', 'yenilecek2', 0),
(2846, 1077, 4, '2022-01-01', 'yenilecek2', 0),
(2847, 1102, 20, '2022-01-01', 'yenilecek2', 0),
(2848, 1103, 1, '2022-01-01', 'yenilecek2', 0),
(2849, 743, 20, '2022-01-01', 'yenilecek2', 0),
(2850, 1042, 1, '2022-01-01', 'yenilecek2', 0),
(2851, 1042, 20, '2022-01-01', 'yenilecek2', 0),
(2853, 457, 20, '2022-01-01', 'yenilecek2', 0),
(2854, 452, 20, '2022-01-01', 'yenilecek2', 0),
(2855, 454, 20, '2022-01-01', 'yenilecek2', 0),
(2856, 1105, 16, '2022-01-01', 'yenilecek2', 0),
(2857, 1106, 16, '2022-01-01', 'yenilecek2', 0),
(2858, 1107, 5, '2022-01-20', 'aktif', 0),
(2859, 1107, 20, '2022-01-20', 'aktif', 0),
(2860, 270, 16, '2022-01-01', 'yenilecek2', 0),
(2861, 270, 20, '2022-01-01', 'yenilecek2', 0),
(2862, 270, 19, '2022-01-01', 'yenilecek2', 0),
(2863, 297, 19, '2022-02-01', 'yenilecek3', 0),
(2864, 1108, 8, '2022-02-01', 'yenilecek3', 0),
(2865, 1108, 20, '2022-02-01', 'yenilecek3', 0),
(2866, 439, 20, '2022-01-01', 'yenilecek2', 0),
(2867, 1109, 19, '2022-02-01', 'yenilecek3', 0),
(2868, 1109, 8, '2022-02-01', 'yenilecek3', 0),
(2869, 1110, 19, '2022-02-01', 'yenilecek3', 0),
(2870, 1110, 9, '2022-02-01', 'yenilecek3', 0),
(2871, 1111, 1, '2022-02-01', 'yenilecek3', 0),
(2872, 1111, 20, '2022-02-01', 'yenilecek3', 0),
(2873, 1112, 14, '2022-02-01', 'yenilecek3', 0),
(2874, 1112, 20, '2022-02-01', 'yenilecek3', 0),
(2875, 1113, 8, '2022-02-01', 'yenilecek3', 0),
(2876, 1113, 20, '2022-02-01', 'yenilecek3', 0),
(2877, 1072, 9, '2022-01-01', 'yenilecek2', 0),
(2878, 269, 20, '2022-01-01', 'yenilecek2', 1),
(2879, 174, 20, '2022-01-01', 'yenilecek2', 0),
(2880, 701, 20, '2022-01-01', 'yenilecek2', 0),
(2881, 1114, 16, '2022-01-01', 'yenilecek2', 0),
(2882, 1115, 16, '2022-01-01', 'yenilecek2', 0),
(2883, 701, 8, '2022-01-01', 'yenilecek2', 0),
(2884, 181, 16, '2022-02-01', 'yenilecek3', 0),
(2885, 1116, 1, '2022-01-26', 'aktif', 0),
(2886, 1116, 5, '2022-01-26', 'aktif', 0),
(2888, 678, 20, '2022-02-01', 'yenilecek3', 0),
(2889, 757, 5, '2022-01-29', 'aktif', 0),
(2890, 1117, 1, '2022-02-01', 'yenilecek3', 0),
(2891, 1117, 20, '2022-02-01', 'yenilecek3', 0),
(2892, 1118, 16, '2022-02-01', 'yenilecek3', 0),
(2894, 1120, 16, '2022-02-01', 'yenilecek3', 0),
(2895, 1121, 16, '2022-02-01', 'yenilecek3', 0),
(2896, 1122, 1, '2022-02-01', 'yenilecek3', 0),
(2897, 1123, 16, '2022-02-01', 'yenilecek3', 0),
(2898, 1108, 16, '2022-02-01', 'yenilecek3', 0),
(2899, 1124, 16, '2022-02-01', 'yenilecek3', 0),
(2900, 1117, 3, '2022-02-01', 'yenilecek3', 0),
(2901, 1125, 7, '2022-02-01', 'yenilecek3', 0),
(2902, 1126, 7, '2022-02-01', 'yenilecek3', 0),
(2903, 1127, 7, '2022-02-01', 'yenilecek3', 0),
(2904, 1128, 4, '2022-02-01', 'yenilecek3', 0),
(2906, 1130, 7, '2022-02-01', 'yenilecek3', 0),
(2907, 1131, 7, '2022-02-01', 'yenilecek3', 0),
(2908, 1132, 7, '2022-02-01', 'yenilecek3', 0),
(2909, 1133, 2, '2022-02-01', 'yenilecek3', 0),
(2910, 1134, 7, '2022-02-01', 'yenilecek3', 0),
(2911, 1135, 7, '2022-02-01', 'yenilecek3', 0),
(2912, 1136, 1, '2022-01-01', 'yenilecek2', 0),
(2913, 1136, 2, '2022-01-01', 'yenilecek2', 0),
(2914, 1136, 5, '2022-01-01', 'yenilecek2', 0),
(2916, 1129, 16, '2022-02-01', 'yenilecek3', 0),
(2917, 543, 5, '2022-02-02', 'aktif', 0),
(2918, 543, 20, '2022-02-02', 'aktif', 0),
(2919, 523, 20, '2022-02-02', 'aktif', 0),
(2920, 441, 20, '2022-02-02', 'aktif', 0),
(2921, 438, 20, '2022-02-02', 'aktif', 0),
(2922, 1137, 16, '2022-02-01', 'yenilecek3', 0),
(2924, 1102, 8, '2022-02-01', 'yenilecek3', 0),
(2925, 1138, 16, '2022-02-01', 'yenilecek3', 0),
(2926, 1139, 16, '2022-02-01', 'yenilecek3', 0),
(2927, 1140, 16, '2022-02-01', 'yenilecek3', 0),
(2928, 1141, 16, '2022-02-01', 'yenilecek3', 0),
(2929, 1142, 16, '2022-02-01', 'yenilecek3', 0),
(2930, 1143, 1, '2022-02-10', 'aktif', 0),
(2931, 1143, 3, '2022-02-10', 'aktif', 0),
(2932, 522, 20, '2022-01-01', 'yenilecek2', 0),
(2933, 893, 20, '2022-01-01', 'yenilecek2', 0),
(2934, 888, 20, '2022-01-01', 'yenilecek2', 0),
(2935, 579, 20, '2022-01-01', 'yenilecek2', 0),
(2936, 902, 20, '2022-01-01', 'yenilecek2', 0),
(2937, 889, 20, '2022-01-01', 'yenilecek2', 0),
(2938, 621, 20, '2022-01-01', 'yenilecek2', 0),
(2939, 895, 20, '2022-01-01', 'yenilecek2', 0),
(2940, 892, 20, '2022-01-01', 'yenilecek2', 0),
(2941, 890, 20, '2022-01-01', 'yenilecek2', 0),
(2942, 1144, 4, '2022-01-01', 'yenilecek2', 0),
(2943, 1146, 1, '2022-02-01', 'yenilecek3', 0),
(2946, 952, 20, '2022-01-01', 'yenilecek2', 0),
(2948, 1148, 2, '2022-02-20', 'aktif', 0),
(2949, 997, 20, '2022-01-01', 'yenilecek2', 0),
(2950, 784, 20, '2022-01-01', 'yenilecek2', 0),
(2951, 1149, 16, '2022-03-01', 'aktif', 0),
(2952, 1147, 19, '2022-03-01', 'aktif', 0),
(2953, 1147, 20, '2022-03-01', 'aktif', 0),
(2954, 960, 20, '2022-01-01', 'yenilecek2', 0),
(2955, 458, 20, '2022-01-01', 'yenilecek2', 0),
(2956, 460, 20, '2022-01-01', 'yenilecek2', 0),
(2957, 468, 2, '2022-03-01', 'aktif', 0),
(2958, 958, 1, '2022-03-01', 'aktif', 0),
(2959, 475, 20, '2022-01-01', 'yenilecek2', 0),
(2960, 1150, 8, '2022-01-01', 'yenilecek2', 0),
(2961, 1150, 20, '2022-01-01', 'yenilecek2', 0),
(2962, 1151, 19, '2022-03-01', 'aktif', 0),
(2963, 145, 20, '2022-02-23', 'aktif', 0),
(2964, 1017, 20, '2022-02-25', 'aktif', 0),
(2965, 1152, 8, '2022-03-01', 'aktif', 0),
(2966, 1152, 20, '2022-03-01', 'aktif', 0),
(2967, 1153, 5, '2022-03-01', 'aktif', 0),
(2968, 1154, 16, '2022-03-01', 'aktif', 0),
(2969, 1155, 19, '2022-03-01', 'aktif', 0),
(2970, 462, 20, '2022-01-01', 'yenilecek2', 0),
(2971, 456, 20, '2022-01-01', 'yenilecek2', 0),
(2972, 461, 20, '2022-01-01', 'yenilecek2', 0),
(2973, 940, 7, '2022-01-01', 'yenilecek2', 0),
(2974, 167, 20, '2022-03-04', 'aktif', 0),
(2975, 645, 9, '2022-03-01', 'aktif', 0),
(2976, 645, 8, '2022-03-01', 'aktif', 0),
(2977, 210, 22, '2022-03-01', 'aktif', 0),
(2978, 1034, 10, '2022-03-01', 'aktif', 0),
(2979, 741, 19, '2022-01-01', 'yenilecek2', 0),
(2980, 1156, 1, '2022-04-01', 'aktif', 0),
(2981, 993, 20, '2022-03-20', 'aktif', 0),
(2982, 1157, 22, '2022-04-01', 'aktif', 0),
(2983, 1158, 22, '2022-04-01', 'aktif', 0),
(2984, 1159, 1, '2022-04-01', 'aktif', 0),
(2985, 1160, 1, '2022-04-01', 'aktif', 0),
(2986, 1070, 22, '2022-04-01', 'aktif', 0),
(2987, 1101, 5, '2022-04-01', 'aktif', 0),
(2988, 1161, 2, '2022-05-01', 'aktif', 0),
(2989, 1161, 20, '2022-05-01', 'aktif', 0),
(2991, 503, 20, '2022-04-29', 'aktif', 0),
(2992, 1163, 22, '2022-05-01', 'aktif', 0),
(2994, 1165, 22, '2022-06-01', 'aktif', 0),
(2995, 1166, 3, '2022-06-01', 'aktif', 0),
(2997, 1166, 22, '2022-06-01', 'aktif', 0),
(2999, 1166, 4, '2022-06-01', 'aktif', 0),
(3000, 609, 8, '2022-06-01', 'aktif', 0),
(3001, 609, 9, '2022-06-01', 'aktif', 0),
(3002, 793, 5, '2022-06-01', 'aktif', 0),
(3003, 735, 1, '2022-07-01', 'aktif', 0),
(3004, 735, 2, '2022-07-01', 'aktif', 0),
(3005, 735, 22, '2022-07-01', 'aktif', 0),
(3006, 1167, 22, '2022-07-01', 'aktif', 0),
(3007, 1168, 22, '2022-01-01', 'yenilecek2', 0),
(3008, 1169, 22, '2022-01-01', 'yenilecek2', 0),
(3009, 1170, 1, '2022-01-01', 'yenilecek2', 0),
(3010, 1171, 1, '2022-01-01', 'yenilecek2', 0),
(3011, 541, 19, '2022-11-01', 'aktif', 0),
(3012, 416, 19, '2022-11-01', 'aktif', 0),
(3013, 1172, 11, '2022-11-01', 'aktif', 0),
(3014, 1173, 11, '2022-11-01', 'aktif', 0),
(3015, 1174, 4, '2022-11-01', 'aktif', 0),
(3016, 1175, 8, '2023-01-01', 'aktif', 0),
(3017, 1175, 20, '2023-01-01', 'aktif', 0);

-- --------------------------------------------------------

--
-- Structure de la table `user`
--

CREATE TABLE `user` (
  `id` int(11) NOT NULL,
  `email` varchar(180) COLLATE utf8mb4_unicode_ci NOT NULL,
  `roles` longtext COLLATE utf8mb4_unicode_ci NOT NULL COMMENT '(DC2Type:json)',
  `password` varchar(255) COLLATE utf8mb4_unicode_ci DEFAULT NULL,
  `update_password` varchar(255) COLLATE utf8mb4_unicode_ci DEFAULT NULL,
  `name` varchar(255) COLLATE utf8mb4_unicode_ci NOT NULL,
  `city_id` int(11) DEFAULT NULL
) ENGINE=InnoDB DEFAULT CHARSET=utf8mb4 COLLATE=utf8mb4_unicode_ci;

--
-- Déchargement des données de la table `user`
--

INSERT INTO `user` (`id`, `email`, `roles`, `password`, `update_password`, `name`, `city_id`) VALUES
(1, 'abdulkadir.guillot@gmail.com', '[\"ROLE_ADMIN\"]', '$2y$13$iAsja6ks.mq8JjftKTlVdeXqOXmwZyWx3/yunKt2ruchSsNM7V9O.', NULL, 'Abdulkadir Guillot', NULL),
(2, 'paris@test.com', '[]', '$2y$13$6ksxiu.XtF.IHUgiuIEz5egUG21hiQ/i02ArlFgjo.kQti265mUq6', NULL, 'Paris sube', 18);

--
-- Index pour les tables déchargées
--

--
-- Index pour la table `city`
--
ALTER TABLE `city`
  ADD PRIMARY KEY (`id`);

--
-- Index pour la table `doctrine_migration_versions`
--
ALTER TABLE `doctrine_migration_versions`
  ADD PRIMARY KEY (`version`);

--
-- Index pour la table `messenger_messages`
--
ALTER TABLE `messenger_messages`
  ADD PRIMARY KEY (`id`),
  ADD KEY `IDX_75EA56E0FB7336F0` (`queue_name`),
  ADD KEY `IDX_75EA56E0E3BD61CE` (`available_at`),
  ADD KEY `IDX_75EA56E016BA31DB` (`delivered_at`);

--
-- Index pour la table `payment`
--
ALTER TABLE `payment`
  ADD PRIMARY KEY (`id`),
  ADD KEY `IDX_6D28840D9A1887DC` (`subscription_id`);

--
-- Index pour la table `product`
--
ALTER TABLE `product`
  ADD PRIMARY KEY (`id`),
  ADD KEY `IDX_D34A04AD14959723` (`product_type_id`);

--
-- Index pour la table `product_type`
--
ALTER TABLE `product_type`
  ADD PRIMARY KEY (`id`);

--
-- Index pour la table `subscriber`
--
ALTER TABLE `subscriber`
  ADD PRIMARY KEY (`id`),
  ADD KEY `IDX_AD005B696D09B684` (`sube_id`);

--
-- Index pour la table `subscription`
--
ALTER TABLE `subscription`
  ADD PRIMARY KEY (`id`),
  ADD KEY `IDX_A3C664D3636755A2` (`suscriber_id`),
  ADD KEY `IDX_A3C664D34584665A` (`product_id`);

--
-- Index pour la table `user`
--
ALTER TABLE `user`
  ADD PRIMARY KEY (`id`),
  ADD UNIQUE KEY `UNIQ_8D93D649E7927C74` (`email`),
  ADD KEY `IDX_8D93D6498BAC62AF` (`city_id`);

--
-- AUTO_INCREMENT pour les tables déchargées
--

--
-- AUTO_INCREMENT pour la table `city`
--
ALTER TABLE `city`
  MODIFY `id` int(11) NOT NULL AUTO_INCREMENT, AUTO_INCREMENT=35;

--
-- AUTO_INCREMENT pour la table `messenger_messages`
--
ALTER TABLE `messenger_messages`
  MODIFY `id` bigint(20) NOT NULL AUTO_INCREMENT;

--
-- AUTO_INCREMENT pour la table `payment`
--
ALTER TABLE `payment`
  MODIFY `id` int(11) NOT NULL AUTO_INCREMENT;

--
-- AUTO_INCREMENT pour la table `product`
--
ALTER TABLE `product`
  MODIFY `id` int(11) NOT NULL AUTO_INCREMENT, AUTO_INCREMENT=23;

--
-- AUTO_INCREMENT pour la table `product_type`
--
ALTER TABLE `product_type`
  MODIFY `id` int(11) NOT NULL AUTO_INCREMENT, AUTO_INCREMENT=4;

--
-- AUTO_INCREMENT pour la table `subscriber`
--
ALTER TABLE `subscriber`
  MODIFY `id` int(11) NOT NULL AUTO_INCREMENT, AUTO_INCREMENT=1177;

--
-- AUTO_INCREMENT pour la table `subscription`
--
ALTER TABLE `subscription`
  MODIFY `id` int(11) NOT NULL AUTO_INCREMENT, AUTO_INCREMENT=3018;

--
-- AUTO_INCREMENT pour la table `user`
--
ALTER TABLE `user`
  MODIFY `id` int(11) NOT NULL AUTO_INCREMENT, AUTO_INCREMENT=3;

--
-- Contraintes pour les tables déchargées
--

--
-- Contraintes pour la table `payment`
--
ALTER TABLE `payment`
  ADD CONSTRAINT `FK_6D28840D9A1887DC` FOREIGN KEY (`subscription_id`) REFERENCES `subscription` (`id`);

--
-- Contraintes pour la table `product`
--
ALTER TABLE `product`
  ADD CONSTRAINT `FK_D34A04AD14959723` FOREIGN KEY (`product_type_id`) REFERENCES `product_type` (`id`);

--
-- Contraintes pour la table `subscriber`
--
ALTER TABLE `subscriber`
  ADD CONSTRAINT `FK_AD005B696D09B684` FOREIGN KEY (`sube_id`) REFERENCES `city` (`id`);

--
-- Contraintes pour la table `subscription`
--
ALTER TABLE `subscription`
  ADD CONSTRAINT `FK_A3C664D34584665A` FOREIGN KEY (`product_id`) REFERENCES `product` (`id`),
  ADD CONSTRAINT `FK_A3C664D3636755A2` FOREIGN KEY (`suscriber_id`) REFERENCES `subscriber` (`id`);

--
-- Contraintes pour la table `user`
--
ALTER TABLE `user`
  ADD CONSTRAINT `FK_8D93D6498BAC62AF` FOREIGN KEY (`city_id`) REFERENCES `city` (`id`);
COMMIT;

/*!40101 SET CHARACTER_SET_CLIENT=@OLD_CHARACTER_SET_CLIENT */;
/*!40101 SET CHARACTER_SET_RESULTS=@OLD_CHARACTER_SET_RESULTS */;
/*!40101 SET COLLATION_CONNECTION=@OLD_COLLATION_CONNECTION */;
